id,section,title,aspect,filename,intended_placement_on_site,prompt_brief,verdict_jp,verdict_colleague,reason_if_regen,notes,preview_path
1,§1 Brand Heroes and Openers,"Home to air, morning",16:9,hero-home-to-air.jpg,"Library reserve — in BRAND_IMAGES but not currently wired to a typed slot. Available for future use, secondary scenes, or replacement of a primary slot if J-P prefers.","Editorial wide, 24mm, 07:45 domestic morning.",,,,,_incoming-imagery/01-brand-heroes/hero-home-to-air.jpg
2,§1 Brand Heroes and Openers,Quiet threshold,16:9,hero-quiet-threshold.jpg,"Library reserve — in BRAND_IMAGES but not currently wired to a typed slot. Available for future use, secondary scenes, or replacement of a primary slot if J-P prefers.","35mm, f/2.",,,,,_incoming-imagery/01-brand-heroes/hero-quiet-threshold.jpg
3,§1 Brand Heroes and Openers,"Aviation, arranged",21:9,hero-aviation-arranged.jpg,Home page hero — full bleed at top of /,24mm architectural still.,,,,,_incoming-imagery/01-brand-heroes/hero-aviation-arranged.jpg
4,§1 Brand Heroes and Openers,"Lake Lugano, first light",16:9,hero-lake-lugano-dawn.jpg,Three Cities — Lugano portrait on Home | About — origin / Parco Ciani register | Seasonal bank — New Year first light,85mm.,,,,,_incoming-imagery/01-brand-heroes/hero-lake-lugano-dawn.jpg
5,§1 Brand Heroes and Openers,"Chalet morning, Gstaad",4:5,hero-gstaad-chalet.jpg,Seasonal bank — winter hearth (footer texture band),35mm interior.,,,,,_incoming-imagery/01-brand-heroes/hero-gstaad-chalet.jpg
6,§1 Brand Heroes and Openers,"Monaco balcony, 17:30",16:9,hero-monaco-balcony.jpg,"Library reserve — in BRAND_IMAGES but not currently wired to a typed slot. Available for future use, secondary scenes, or replacement of a primary slot if J-P prefers.",24mm.,,,,,_incoming-imagery/01-brand-heroes/hero-monaco-balcony.jpg
7,§1 Brand Heroes and Openers,"Mykonos, white and teal",4:5,hero-mykonos-threshold.jpg,"Library reserve — in BRAND_IMAGES but not currently wired to a typed slot. Available for future use, secondary scenes, or replacement of a primary slot if J-P prefers.",28mm.,,,,,_incoming-imagery/01-brand-heroes/hero-mykonos-threshold.jpg
8,§1 Brand Heroes and Openers,"Cabin window, soft cloud",4:5,hero-cabin-window-cloud.jpg,"Library reserve — in BRAND_IMAGES but not currently wired to a typed slot. Available for future use, secondary scenes, or replacement of a primary slot if J-P prefers.",50mm.,,,,,_incoming-imagery/01-brand-heroes/hero-cabin-window-cloud.jpg
9,§1 Brand Heroes and Openers,Mustique veranda,16:9,hero-mustique-hammock.jpg,Seasonal bank — midsummer terrace (ServiceDetail editorial supporting image),35mm.,,,,,_incoming-imagery/01-brand-heroes/hero-mustique-hammock.jpg
10,§1 Brand Heroes and Openers,"Navigation, abstracted",1:1,hero-navigation-detail.jpg,Contact page hero / form section accent,100mm macro.,,,,,_incoming-imagery/01-brand-heroes/hero-navigation-detail.jpg
11,§2 London — Residence and Corridor,Knightsbridge hall,4:5,london-knightsbridge-hall.jpg,"Library reserve — in BRAND_IMAGES but not currently wired to a typed slot. Available for future use, secondary scenes, or replacement of a primary slot if J-P prefers.",35mm.,,,,,_incoming-imagery/02-london/london-knightsbridge-hall.jpg
12,§2 London — Residence and Corridor,"Mews doorway, rain",16:9,london-mews-threshold.jpg,"Library reserve — in BRAND_IMAGES but not currently wired to a typed slot. Available for future use, secondary scenes, or replacement of a primary slot if J-P prefers.",28mm.,,,,,_incoming-imagery/02-london/london-mews-threshold.jpg
13,§2 London — Residence and Corridor,"Study desk, slim laptop",1:1,london-study-desk.jpg,"Library reserve — in BRAND_IMAGES but not currently wired to a typed slot. Available for future use, secondary scenes, or replacement of a primary slot if J-P prefers.","50mm, f/2.",,,,,_incoming-imagery/02-london/london-study-desk.jpg
14,§2 London — Residence and Corridor,Dressing room before departure,4:5,london-dressing-room.jpg,"Library reserve — in BRAND_IMAGES but not currently wired to a typed slot. Available for future use, secondary scenes, or replacement of a primary slot if J-P prefers.",35mm.,,,,,_incoming-imagery/02-london/london-dressing-room.jpg
15,§2 London — Residence and Corridor,"Breakfast tray, quiet kitchen",3:4,london-breakfast-tray.jpg,"Library reserve — in BRAND_IMAGES but not currently wired to a typed slot. Available for future use, secondary scenes, or replacement of a primary slot if J-P prefers.","85mm, f/2.",,,,,_incoming-imagery/02-london/london-breakfast-tray.jpg
16,§2 London — Residence and Corridor,Holdall by the door,1:1,london-hallway-holdall.jpg,"Library reserve — in BRAND_IMAGES but not currently wired to a typed slot. Available for future use, secondary scenes, or replacement of a primary slot if J-P prefers.",35mm.,,,,,_incoming-imagery/02-london/london-hallway-holdall.jpg
17,§2 London — Residence and Corridor,"Car at the kerb, Westbourne",16:9,london-car-kerb.jpg,Destination management service — card + detail page,24mm.,,,,,_incoming-imagery/02-london/london-car-kerb.jpg
18,§2 London — Residence and Corridor,Rain on sash glass,1:1,london-rain-glass.jpg,"Library reserve — in BRAND_IMAGES but not currently wired to a typed slot. Available for future use, secondary scenes, or replacement of a primary slot if J-P prefers.",100mm macro.,,,,,_incoming-imagery/02-london/london-rain-glass.jpg
19,§2 London — Residence and Corridor,"Farnborough, first light",21:9,london-farnborough-apron.jpg,Three Cities — London portrait on Home,"28mm, 06:40.",,,,,_incoming-imagery/02-london/london-farnborough-apron.jpg
20,§2 London — Residence and Corridor,"Quiet gatehouse, Biggin Hill",16:9,london-biggin-gate.jpg,"Library reserve — in BRAND_IMAGES but not currently wired to a typed slot. Available for future use, secondary scenes, or replacement of a primary slot if J-P prefers.",35mm.,,,,,_incoming-imagery/02-london/london-biggin-gate.jpg
21,§2 London — Residence and Corridor,"Hallway, candlelight",4:5,london-member-hallway-candle.jpg,"Library reserve — in BRAND_IMAGES but not currently wired to a typed slot. Available for future use, secondary scenes, or replacement of a primary slot if J-P prefers.",50mm.,,,,,_incoming-imagery/02-london/london-member-hallway-candle.jpg
22,§2 London — Residence and Corridor,"Evening return, threshold",16:9,london-evening-return.jpg,"Library reserve — in BRAND_IMAGES but not currently wired to a typed slot. Available for future use, secondary scenes, or replacement of a primary slot if J-P prefers.",28mm.,,,,,_incoming-imagery/02-london/london-evening-return.jpg
23,§2 London — Residence and Corridor,"Garden window, cloud-morning",4:5,london-garden-window.jpg,"Library reserve — in BRAND_IMAGES but not currently wired to a typed slot. Available for future use, secondary scenes, or replacement of a primary slot if J-P prefers.",85mm.,,,,,_incoming-imagery/02-london/london-garden-window.jpg
24,§2 London — Residence and Corridor,"Stairwell, afternoon",3:4,london-stairwell.jpg,"Library reserve — in BRAND_IMAGES but not currently wired to a typed slot. Available for future use, secondary scenes, or replacement of a primary slot if J-P prefers.",24mm.,,,,,_incoming-imagery/02-london/london-stairwell.jpg
25,§3 Lugano and Ticino — Lakeside Quiet,"Villa terrace, 06:45",16:9,lugano-villa-terrace-dawn.jpg,Travel/events scene — card,24mm.,,,,,_incoming-imagery/03-lugano-ticino/lugano-villa-terrace-dawn.jpg
26,§3 Lugano and Ticino — Lakeside Quiet,"Palazzo doorway, Lugano",3:4,lugano-palazzo-doorway.jpg,"Library reserve — in BRAND_IMAGES but not currently wired to a typed slot. Available for future use, secondary scenes, or replacement of a primary slot if J-P prefers.",35mm.,,,,,_incoming-imagery/03-lugano-ticino/lugano-palazzo-doorway.jpg
27,§3 Lugano and Ticino — Lakeside Quiet,"Lake jetty, morning mist",21:9,lugano-lake-jetty.jpg,"Library reserve — in BRAND_IMAGES but not currently wired to a typed slot. Available for future use, secondary scenes, or replacement of a primary slot if J-P prefers.",85mm.,,,,,_incoming-imagery/03-lugano-ticino/lugano-lake-jetty.jpg
28,§3 Lugano and Ticino — Lakeside Quiet,"Kitchen, porcelain and stone",4:5,lugano-kitchen-porcelain.jpg,"Library reserve — in BRAND_IMAGES but not currently wired to a typed slot. Available for future use, secondary scenes, or replacement of a primary slot if J-P prefers.",50mm.,,,,,_incoming-imagery/03-lugano-ticino/lugano-kitchen-porcelain.jpg
29,§3 Lugano and Ticino — Lakeside Quiet,Gandria alley,4:5,lugano-gandria-alley.jpg,"Library reserve — in BRAND_IMAGES but not currently wired to a typed slot. Available for future use, secondary scenes, or replacement of a primary slot if J-P prefers.",35mm.,,,,,_incoming-imagery/03-lugano-ticino/lugano-gandria-alley.jpg
30,§3 Lugano and Ticino — Lakeside Quiet,Mendrisiotto vineyard,16:9,lugano-mendrisio-vineyard.jpg,"Library reserve — in BRAND_IMAGES but not currently wired to a typed slot. Available for future use, secondary scenes, or replacement of a primary slot if J-P prefers.",28mm.,,,,,_incoming-imagery/03-lugano-ticino/lugano-mendrisio-vineyard.jpg
31,§3 Lugano and Ticino — Lakeside Quiet,"Library interior, Bellinzona",4:5,lugano-interior-library.jpg,"Library reserve — in BRAND_IMAGES but not currently wired to a typed slot. Available for future use, secondary scenes, or replacement of a primary slot if J-P prefers.",24mm.,,,,,_incoming-imagery/03-lugano-ticino/lugano-interior-library.jpg
32,§3 Lugano and Ticino — Lakeside Quiet,"Wooden launch, stillness",16:9,lugano-boat-still.jpg,"Library reserve — in BRAND_IMAGES but not currently wired to a typed slot. Available for future use, secondary scenes, or replacement of a primary slot if J-P prefers.",50mm.,,,,,_incoming-imagery/03-lugano-ticino/lugano-boat-still.jpg
33,§3 Lugano and Ticino — Lakeside Quiet,"Crossing shoulder, wool cuff",1:1,lugano-alpine-shoulder.jpg,"Library reserve — in BRAND_IMAGES but not currently wired to a typed slot. Available for future use, secondary scenes, or replacement of a primary slot if J-P prefers.","85mm, f/2.",,,,,_incoming-imagery/03-lugano-ticino/lugano-alpine-shoulder.jpg
34,§3 Lugano and Ticino — Lakeside Quiet,"Morriello campanile, 06:30",3:4,lugano-church-bell.jpg,"Library reserve — in BRAND_IMAGES but not currently wired to a typed slot. Available for future use, secondary scenes, or replacement of a primary slot if J-P prefers.",135mm.,,,,,_incoming-imagery/03-lugano-ticino/lugano-church-bell.jpg
35,"§4 Gstaad, St Moritz and Alpine Quiet","Chalet bedroom, first light",4:5,gstaad-chalet-dawn.jpg,"Library reserve — in BRAND_IMAGES but not currently wired to a typed slot. Available for future use, secondary scenes, or replacement of a primary slot if J-P prefers.",35mm.,,,,,_incoming-imagery/04-gstaad-alpine/gstaad-chalet-dawn.jpg
36,"§4 Gstaad, St Moritz and Alpine Quiet","Fireplace, evening",16:9,gstaad-fireplace.jpg,"Library reserve — in BRAND_IMAGES but not currently wired to a typed slot. Available for future use, secondary scenes, or replacement of a primary slot if J-P prefers.","50mm, f/2.",,,,,_incoming-imagery/04-gstaad-alpine/gstaad-fireplace.jpg
37,"§4 Gstaad, St Moritz and Alpine Quiet","Window snow, still morning",3:4,gstaad-window-snow.jpg,"Library reserve — in BRAND_IMAGES but not currently wired to a typed slot. Available for future use, secondary scenes, or replacement of a primary slot if J-P prefers.",85mm.,,,,,_incoming-imagery/04-gstaad-alpine/gstaad-window-snow.jpg
38,"§4 Gstaad, St Moritz and Alpine Quiet",Skis by the door,4:5,gstaad-ski-still.jpg,"Library reserve — in BRAND_IMAGES but not currently wired to a typed slot. Available for future use, secondary scenes, or replacement of a primary slot if J-P prefers.",35mm.,,,,,_incoming-imagery/04-gstaad-alpine/gstaad-ski-still.jpg
39,"§4 Gstaad, St Moritz and Alpine Quiet","Alpine pass, early sun",21:9,gstaad-alpine-pass.jpg,"Library reserve — in BRAND_IMAGES but not currently wired to a typed slot. Available for future use, secondary scenes, or replacement of a primary slot if J-P prefers.",24mm.,,,,,_incoming-imagery/04-gstaad-alpine/gstaad-alpine-pass.jpg
40,"§4 Gstaad, St Moritz and Alpine Quiet",Cashmere folded,1:1,gstaad-cashmere-throw.jpg,"Library reserve — in BRAND_IMAGES but not currently wired to a typed slot. Available for future use, secondary scenes, or replacement of a primary slot if J-P prefers.",100mm macro.,,,,,_incoming-imagery/04-gstaad-alpine/gstaad-cashmere-throw.jpg
41,"§4 Gstaad, St Moritz and Alpine Quiet","Village path, morning",16:9,gstaad-village-path.jpg,"Library reserve — in BRAND_IMAGES but not currently wired to a typed slot. Available for future use, secondary scenes, or replacement of a primary slot if J-P prefers.",35mm.,,,,,_incoming-imagery/04-gstaad-alpine/gstaad-village-path.jpg
42,"§4 Gstaad, St Moritz and Alpine Quiet",Chalet library,4:5,gstaad-interior-library.jpg,"Library reserve — in BRAND_IMAGES but not currently wired to a typed slot. Available for future use, secondary scenes, or replacement of a primary slot if J-P prefers.",28mm.,,,,,_incoming-imagery/04-gstaad-alpine/gstaad-interior-library.jpg
43,"§4 Gstaad, St Moritz and Alpine Quiet","St Moritz lake, 16:00",21:9,stmoritz-lake-afternoon.jpg,"Library reserve — in BRAND_IMAGES but not currently wired to a typed slot. Available for future use, secondary scenes, or replacement of a primary slot if J-P prefers.",24mm.,,,,,_incoming-imagery/04-gstaad-alpine/stmoritz-lake-afternoon.jpg
44,"§4 Gstaad, St Moritz and Alpine Quiet",Engadin window seat,4:5,stmoritz-lobby-window.jpg,"Library reserve — in BRAND_IMAGES but not currently wired to a typed slot. Available for future use, secondary scenes, or replacement of a primary slot if J-P prefers.",50mm.,,,,,_incoming-imagery/04-gstaad-alpine/stmoritz-lobby-window.jpg
45,"§4 Gstaad, St Moritz and Alpine Quiet","Morning coffee, balcony",1:1,alpine-morning-coffee.jpg,Seasonal bank — spring dinner,85mm.,,,,,_incoming-imagery/04-gstaad-alpine/alpine-morning-coffee.jpg
46,"§4 Gstaad, St Moritz and Alpine Quiet","Ski bag, threshold",16:9,alpine-skihold-macro.jpg,"Library reserve — in BRAND_IMAGES but not currently wired to a typed slot. Available for future use, secondary scenes, or replacement of a primary slot if J-P prefers.",35mm.,,,,,_incoming-imagery/04-gstaad-alpine/alpine-skihold-macro.jpg
47,"§4 Gstaad, St Moritz and Alpine Quiet","Pine needles, close",1:1,alpine-pine-detail.jpg,"Library reserve — in BRAND_IMAGES but not currently wired to a typed slot. Available for future use, secondary scenes, or replacement of a primary slot if J-P prefers.",100mm macro.,,,,,_incoming-imagery/04-gstaad-alpine/alpine-pine-detail.jpg
48,"§4 Gstaad, St Moritz and Alpine Quiet",Larch at dusk,3:4,alpine-dusk-larch.jpg,"Library reserve — in BRAND_IMAGES but not currently wired to a typed slot. Available for future use, secondary scenes, or replacement of a primary slot if J-P prefers.",135mm.,,,,,_incoming-imagery/04-gstaad-alpine/alpine-dusk-larch.jpg
49,§5 Monaco and the Côte d'Azur,Monte Carlo balcony,16:9,monaco-balcony-17h.jpg,Seasonal bank — summer blue hour,24mm.,,,,,_incoming-imagery/05-monaco-cote-dazur/monaco-balcony-17h.jpg
50,§5 Monaco and the Côte d'Azur,Cap Ferrat terrace,4:5,capferrat-terrace.jpg,"Library reserve — in BRAND_IMAGES but not currently wired to a typed slot. Available for future use, secondary scenes, or replacement of a primary slot if J-P prefers.",35mm.,,,,,_incoming-imagery/05-monaco-cote-dazur/capferrat-terrace.jpg
51,§5 Monaco and the Côte d'Azur,"Private study, lamplit",1:1,monaco-study-lamplit.jpg,"Library reserve — in BRAND_IMAGES but not currently wired to a typed slot. Available for future use, secondary scenes, or replacement of a primary slot if J-P prefers.","50mm, f/2.",,,,,_incoming-imagery/05-monaco-cote-dazur/monaco-study-lamplit.jpg
52,§5 Monaco and the Côte d'Azur,Monte Carlo doorstep,4:5,monaco-threshold.jpg,"Library reserve — in BRAND_IMAGES but not currently wired to a typed slot. Available for future use, secondary scenes, or replacement of a primary slot if J-P prefers.",35mm.,,,,,_incoming-imagery/05-monaco-cote-dazur/monaco-threshold.jpg
53,§5 Monaco and the Côte d'Azur,"Cape, late afternoon",3:4,cotedazur-cape.jpg,"Library reserve — in BRAND_IMAGES but not currently wired to a typed slot. Available for future use, secondary scenes, or replacement of a primary slot if J-P prefers.",85mm.,,,,,_incoming-imagery/05-monaco-cote-dazur/cotedazur-cape.jpg
54,§5 Monaco and the Côte d'Azur,"Car at the curb, harbour road",16:9,monaco-car-kerb.jpg,"Library reserve — in BRAND_IMAGES but not currently wired to a typed slot. Available for future use, secondary scenes, or replacement of a primary slot if J-P prefers.",28mm.,,,,,_incoming-imagery/05-monaco-cote-dazur/monaco-car-kerb.jpg
55,§5 Monaco and the Côte d'Azur,Coastal breakfast tray,3:4,coastal-breakfast-tray.jpg,"Library reserve — in BRAND_IMAGES but not currently wired to a typed slot. Available for future use, secondary scenes, or replacement of a primary slot if J-P prefers.",50mm.,,,,,_incoming-imagery/05-monaco-cote-dazur/coastal-breakfast-tray.jpg
56,§5 Monaco and the Côte d'Azur,"Harbour mist, early",21:9,monaco-harbour-mist.jpg,"Library reserve — in BRAND_IMAGES but not currently wired to a typed slot. Available for future use, secondary scenes, or replacement of a primary slot if J-P prefers.",135mm.,,,,,_incoming-imagery/05-monaco-cote-dazur/monaco-harbour-mist.jpg
57,§5 Monaco and the Côte d'Azur,"Menton lemon, restrained",1:1,menton-lemon-detail.jpg,"Library reserve — in BRAND_IMAGES but not currently wired to a typed slot. Available for future use, secondary scenes, or replacement of a primary slot if J-P prefers.",100mm macro.,,,,,_incoming-imagery/05-monaco-cote-dazur/menton-lemon-detail.jpg
58,§5 Monaco and the Côte d'Azur,"Promenade, overcast",16:9,nice-promenade.jpg,"Library reserve — in BRAND_IMAGES but not currently wired to a typed slot. Available for future use, secondary scenes, or replacement of a primary slot if J-P prefers.",35mm.,,,,,_incoming-imagery/05-monaco-cote-dazur/nice-promenade.jpg
59,"§6 Ibiza, Mykonos, Mustique — Islands","Ibiza finca, 17:30",4:5,ibiza-cala-stone-house.jpg,"Library reserve — in BRAND_IMAGES but not currently wired to a typed slot. Available for future use, secondary scenes, or replacement of a primary slot if J-P prefers.",28mm.,,,,,_incoming-imagery/06-mediterranean-islands/ibiza-cala-stone-house.jpg
60,"§6 Ibiza, Mykonos, Mustique — Islands","Mykonos threshold, open door",4:5,mykonos-threshold.jpg,"Library reserve — in BRAND_IMAGES but not currently wired to a typed slot. Available for future use, secondary scenes, or replacement of a primary slot if J-P prefers.",35mm.,,,,,_incoming-imagery/06-mediterranean-islands/mykonos-threshold.jpg
61,"§6 Ibiza, Mykonos, Mustique — Islands",Cycladic stair,3:4,mykonos-staircase.jpg,"Library reserve — in BRAND_IMAGES but not currently wired to a typed slot. Available for future use, secondary scenes, or replacement of a primary slot if J-P prefers.",85mm.,,,,,_incoming-imagery/06-mediterranean-islands/mykonos-staircase.jpg
62,"§6 Ibiza, Mykonos, Mustique — Islands","Linen curtain, breath of wind",1:1,ibiza-linen-curtain.jpg,"Library reserve — in BRAND_IMAGES but not currently wired to a typed slot. Available for future use, secondary scenes, or replacement of a primary slot if J-P prefers.",100mm.,,,,,_incoming-imagery/06-mediterranean-islands/ibiza-linen-curtain.jpg
63,"§6 Ibiza, Mykonos, Mustique — Islands","Mustique veranda, 17:00",16:9,mustique-veranda.jpg,"Library reserve — in BRAND_IMAGES but not currently wired to a typed slot. Available for future use, secondary scenes, or replacement of a primary slot if J-P prefers.",35mm.,,,,,_incoming-imagery/06-mediterranean-islands/mustique-veranda.jpg
64,"§6 Ibiza, Mykonos, Mustique — Islands","Island kitchen, stone",4:5,island-kitchen-stone.jpg,"Library reserve — in BRAND_IMAGES but not currently wired to a typed slot. Available for future use, secondary scenes, or replacement of a primary slot if J-P prefers.",50mm.,,,,,_incoming-imagery/06-mediterranean-islands/island-kitchen-stone.jpg
65,"§6 Ibiza, Mykonos, Mustique — Islands","Bougainvillea, restrained",1:1,ibiza-bougainvillea-restrained.jpg,"Library reserve — in BRAND_IMAGES but not currently wired to a typed slot. Available for future use, secondary scenes, or replacement of a primary slot if J-P prefers.",135mm.,,,,,_incoming-imagery/06-mediterranean-islands/ibiza-bougainvillea-restrained.jpg
66,"§6 Ibiza, Mykonos, Mustique — Islands","Mykonos jetty, stillness",21:9,mykonos-jetty.jpg,"Library reserve — in BRAND_IMAGES but not currently wired to a typed slot. Available for future use, secondary scenes, or replacement of a primary slot if J-P prefers.",28mm.,,,,,_incoming-imagery/06-mediterranean-islands/mykonos-jetty.jpg
67,"§6 Ibiza, Mykonos, Mustique — Islands","Hand on railing, salt air",1:1,mustique-hand-railing.jpg,"Library reserve — in BRAND_IMAGES but not currently wired to a typed slot. Available for future use, secondary scenes, or replacement of a primary slot if J-P prefers.","85mm, f/2.",,,,,_incoming-imagery/06-mediterranean-islands/mustique-hand-railing.jpg
68,"§6 Ibiza, Mykonos, Mustique — Islands","Stone pool, still",16:9,mediterranean-pool-stone.jpg,"Library reserve — in BRAND_IMAGES but not currently wired to a typed slot. Available for future use, secondary scenes, or replacement of a primary slot if J-P prefers.",35mm.,,,,,_incoming-imagery/06-mediterranean-islands/mediterranean-pool-stone.jpg
69,"§6 Ibiza, Mykonos, Mustique — Islands","Olive grove, Ibiza",3:4,ibiza-hilltop-olive.jpg,"Library reserve — in BRAND_IMAGES but not currently wired to a typed slot. Available for future use, secondary scenes, or replacement of a primary slot if J-P prefers.",50mm.,,,,,_incoming-imagery/06-mediterranean-islands/ibiza-hilltop-olive.jpg
70,"§6 Ibiza, Mykonos, Mustique — Islands","Cycladic candle, 19:30",1:1,mykonos-evening-candle.jpg,"Library reserve — in BRAND_IMAGES but not currently wired to a typed slot. Available for future use, secondary scenes, or replacement of a primary slot if J-P prefers.","85mm, f/2.",,,,,_incoming-imagery/06-mediterranean-islands/mykonos-evening-candle.jpg
71,"§6 Ibiza, Mykonos, Mustique — Islands","Garden stone, morning",16:9,island-garden-stone.jpg,Seasonal bank — spring / magnolia register,28mm.,,,,,_incoming-imagery/06-mediterranean-islands/island-garden-stone.jpg
72,"§6 Ibiza, Mykonos, Mustique — Islands","Hammock detail, late light",1:1,mustique-hammock-detail.jpg,"Library reserve — in BRAND_IMAGES but not currently wired to a typed slot. Available for future use, secondary scenes, or replacement of a primary slot if J-P prefers.",100mm macro.,,,,,_incoming-imagery/06-mediterranean-islands/mustique-hammock-detail.jpg
73,§7 Provence and European Countryside,"Provence farmhouse, 08:00",4:5,provence-farmhouse.jpg,Seasonal bank — autumn lurcher walk,35mm.,,,,,_incoming-imagery/07-provence-countryside/provence-farmhouse.jpg
74,§7 Provence and European Countryside,"Lavender field, restrained",16:9,provence-lavender-restrained.jpg,"Library reserve — in BRAND_IMAGES but not currently wired to a typed slot. Available for future use, secondary scenes, or replacement of a primary slot if J-P prefers.",85mm.,,,,,_incoming-imagery/07-provence-countryside/provence-lavender-restrained.jpg
75,§7 Provence and European Countryside,"Farmhouse kitchen, quiet",4:5,provence-kitchen-terracotta.jpg,"Library reserve — in BRAND_IMAGES but not currently wired to a typed slot. Available for future use, secondary scenes, or replacement of a primary slot if J-P prefers.",50mm.,,,,,_incoming-imagery/07-provence-countryside/provence-kitchen-terracotta.jpg
76,§7 Provence and European Countryside,Tuscan loggia,16:9,tuscany-villa-loggia.jpg,"Library reserve — in BRAND_IMAGES but not currently wired to a typed slot. Available for future use, secondary scenes, or replacement of a primary slot if J-P prefers.",28mm.,,,,,_incoming-imagery/07-provence-countryside/tuscany-villa-loggia.jpg
77,§7 Provence and European Countryside,"Garden path, afternoon",3:4,provence-garden-path.jpg,"Library reserve — in BRAND_IMAGES but not currently wired to a typed slot. Available for future use, secondary scenes, or replacement of a primary slot if J-P prefers.",35mm.,,,,,_incoming-imagery/07-provence-countryside/provence-garden-path.jpg
78,§7 Provence and European Countryside,"Tuscan window, cool light",1:1,tuscan-window-sill.jpg,"Library reserve — in BRAND_IMAGES but not currently wired to a typed slot. Available for future use, secondary scenes, or replacement of a primary slot if J-P prefers.",85mm.,,,,,_incoming-imagery/07-provence-countryside/tuscan-window-sill.jpg
79,§7 Provence and European Countryside,Empty country road,21:9,countryside-road.jpg,"Library reserve — in BRAND_IMAGES but not currently wired to a typed slot. Available for future use, secondary scenes, or replacement of a primary slot if J-P prefers.",50mm.,,,,,_incoming-imagery/07-provence-countryside/countryside-road.jpg
80,§7 Provence and European Countryside,Vineyard morning,16:9,provence-vineyard-morning.jpg,"Library reserve — in BRAND_IMAGES but not currently wired to a typed slot. Available for future use, secondary scenes, or replacement of a primary slot if J-P prefers.",28mm.,,,,,_incoming-imagery/07-provence-countryside/provence-vineyard-morning.jpg
81,§7 Provence and European Countryside,"Outdoor tub, courtyard",4:5,provence-outdoor-bath.jpg,"Library reserve — in BRAND_IMAGES but not currently wired to a typed slot. Available for future use, secondary scenes, or replacement of a primary slot if J-P prefers.",35mm.,,,,,_incoming-imagery/07-provence-countryside/provence-outdoor-bath.jpg
82,§7 Provence and European Countryside,"Single oak, shadow long",16:9,countryside-oak-shadow.jpg,"Library reserve — in BRAND_IMAGES but not currently wired to a typed slot. Available for future use, secondary scenes, or replacement of a primary slot if J-P prefers.",135mm.,,,,,_incoming-imagery/07-provence-countryside/countryside-oak-shadow.jpg
83,§8 Caribbean and Transatlantic,"Caribbean veranda, 18:00",16:9,caribbean-veranda-18h.jpg,"Library reserve — in BRAND_IMAGES but not currently wired to a typed slot. Available for future use, secondary scenes, or replacement of a primary slot if J-P prefers.",35mm.,,,,,_incoming-imagery/08-caribbean-transatlantic/caribbean-veranda-18h.jpg
84,§8 Caribbean and Transatlantic,"New York pied-à-terre, morning",4:5,nyc-pied-a-terre.jpg,"Library reserve — in BRAND_IMAGES but not currently wired to a typed slot. Available for future use, secondary scenes, or replacement of a primary slot if J-P prefers.",28mm.,,,,,_incoming-imagery/08-caribbean-transatlantic/nyc-pied-a-terre.jpg
85,§8 Caribbean and Transatlantic,"Quiet dock, Bahamas",21:9,bahamas-dock.jpg,"Library reserve — in BRAND_IMAGES but not currently wired to a typed slot. Available for future use, secondary scenes, or replacement of a primary slot if J-P prefers.",85mm.,,,,,_incoming-imagery/08-caribbean-transatlantic/bahamas-dock.jpg
86,§8 Caribbean and Transatlantic,"House doorway, dusk",3:4,caribbean-house-doorway.jpg,"Library reserve — in BRAND_IMAGES but not currently wired to a typed slot. Available for future use, secondary scenes, or replacement of a primary slot if J-P prefers.",35mm.,,,,,_incoming-imagery/08-caribbean-transatlantic/caribbean-house-doorway.jpg
87,§8 Caribbean and Transatlantic,"Mustique interior, cool late",4:5,mustique-interior.jpg,"Library reserve — in BRAND_IMAGES but not currently wired to a typed slot. Available for future use, secondary scenes, or replacement of a primary slot if J-P prefers.",50mm.,,,,,_incoming-imagery/08-caribbean-transatlantic/mustique-interior.jpg
88,§8 Caribbean and Transatlantic,"Walled garden, morning",16:9,barbados-garden.jpg,"Library reserve — in BRAND_IMAGES but not currently wired to a typed slot. Available for future use, secondary scenes, or replacement of a primary slot if J-P prefers.",28mm.,,,,,_incoming-imagery/08-caribbean-transatlantic/barbados-garden.jpg
89,§8 Caribbean and Transatlantic,"Cabin window, cruise height",4:5,transatlantic-cruise-window.jpg,"Library reserve — in BRAND_IMAGES but not currently wired to a typed slot. Available for future use, secondary scenes, or replacement of a primary slot if J-P prefers.",85mm.,,,,,_incoming-imagery/08-caribbean-transatlantic/transatlantic-cruise-window.jpg
90,§8 Caribbean and Transatlantic,"Pool edge, dawn",1:1,caribbean-pool-edge.jpg,"Library reserve — in BRAND_IMAGES but not currently wired to a typed slot. Available for future use, secondary scenes, or replacement of a primary slot if J-P prefers.",100mm.,,,,,_incoming-imagery/08-caribbean-transatlantic/caribbean-pool-edge.jpg
91,§9 Domestic Interiors — Before and After,Breakfast tray at the sash,4:5,interior-breakfast-tray.jpg,"Library reserve — in BRAND_IMAGES but not currently wired to a typed slot. Available for future use, secondary scenes, or replacement of a primary slot if J-P prefers.",85mm.,,,,,_incoming-imagery/09-domestic-interiors/interior-breakfast-tray.jpg
92,§9 Domestic Interiors — Before and After,"Dressing room, before",4:5,interior-dressing-room.jpg,"Library reserve — in BRAND_IMAGES but not currently wired to a typed slot. Available for future use, secondary scenes, or replacement of a primary slot if J-P prefers.",35mm.,,,,,_incoming-imagery/09-domestic-interiors/interior-dressing-room.jpg
93,§9 Domestic Interiors — Before and After,"Sitting room, 15:30",4:5,interior-sitting-afternoon.jpg,"Library reserve — in BRAND_IMAGES but not currently wired to a typed slot. Available for future use, secondary scenes, or replacement of a primary slot if J-P prefers.",24mm.,,,,,_incoming-imagery/09-domestic-interiors/interior-sitting-afternoon.jpg
94,§9 Domestic Interiors — Before and After,"Study, 19:00",1:1,interior-study-lamplit.jpg,"Library reserve — in BRAND_IMAGES but not currently wired to a typed slot. Available for future use, secondary scenes, or replacement of a primary slot if J-P prefers.","50mm, f/2.",,,,,_incoming-imagery/09-domestic-interiors/interior-study-lamplit.jpg
95,§9 Domestic Interiors — Before and After,"Bedroom, first light",16:9,interior-bedroom-first-light.jpg,"Library reserve — in BRAND_IMAGES but not currently wired to a typed slot. Available for future use, secondary scenes, or replacement of a primary slot if J-P prefers.",28mm.,,,,,_incoming-imagery/09-domestic-interiors/interior-bedroom-first-light.jpg
96,§9 Domestic Interiors — Before and After,"Bathroom, morning",4:5,interior-bathroom-morning.jpg,"Library reserve — in BRAND_IMAGES but not currently wired to a typed slot. Available for future use, secondary scenes, or replacement of a primary slot if J-P prefers.",50mm.,,,,,_incoming-imagery/09-domestic-interiors/interior-bathroom-morning.jpg
97,§9 Domestic Interiors — Before and After,"Child's room, tidied",4:5,interior-children-room-empty.jpg,"Library reserve — in BRAND_IMAGES but not currently wired to a typed slot. Available for future use, secondary scenes, or replacement of a primary slot if J-P prefers.",35mm.,,,,,_incoming-imagery/09-domestic-interiors/interior-children-room-empty.jpg
98,§9 Domestic Interiors — Before and After,"Pet basket, morning",1:1,interior-pet-basket.jpg,"Library reserve — in BRAND_IMAGES but not currently wired to a typed slot. Available for future use, secondary scenes, or replacement of a primary slot if J-P prefers.",85mm.,,,,,_incoming-imagery/09-domestic-interiors/interior-pet-basket.jpg
99,§9 Domestic Interiors — Before and After,Quiet staff corridor,4:5,interior-staff-space.jpg,"Library reserve — in BRAND_IMAGES but not currently wired to a typed slot. Available for future use, secondary scenes, or replacement of a primary slot if J-P prefers.",35mm.,,,,,_incoming-imagery/09-domestic-interiors/interior-staff-space.jpg
100,§9 Domestic Interiors — Before and After,"Kitchen, late return",4:5,interior-kitchen-late.jpg,"Library reserve — in BRAND_IMAGES but not currently wired to a typed slot. Available for future use, secondary scenes, or replacement of a primary slot if J-P prefers.",50mm.,,,,,_incoming-imagery/09-domestic-interiors/interior-kitchen-late.jpg
101,§9 Domestic Interiors — Before and After,"Hallway, evening return",16:9,interior-hall-evening-return.jpg,"Library reserve — in BRAND_IMAGES but not currently wired to a typed slot. Available for future use, secondary scenes, or replacement of a primary slot if J-P prefers.",28mm.,,,,,_incoming-imagery/09-domestic-interiors/interior-hall-evening-return.jpg
102,§9 Domestic Interiors — Before and After,"Shelf, fore-edges",1:1,interior-library-shelf.jpg,"Library reserve — in BRAND_IMAGES but not currently wired to a typed slot. Available for future use, secondary scenes, or replacement of a primary slot if J-P prefers.",100mm macro.,,,,,_incoming-imagery/09-domestic-interiors/interior-library-shelf.jpg
103,§9 Domestic Interiors — Before and After,"Window seat, reading",4:5,interior-window-seat.jpg,"Library reserve — in BRAND_IMAGES but not currently wired to a typed slot. Available for future use, secondary scenes, or replacement of a primary slot if J-P prefers.",50mm.,,,,,_incoming-imagery/09-domestic-interiors/interior-window-seat.jpg
104,§9 Domestic Interiors — Before and After,"Flowers, restrained",1:1,interior-flowers-restrained.jpg,"Library reserve — in BRAND_IMAGES but not currently wired to a typed slot. Available for future use, secondary scenes, or replacement of a primary slot if J-P prefers.",85mm.,,,,,_incoming-imagery/09-domestic-interiors/interior-flowers-restrained.jpg
105,§9 Domestic Interiors — Before and After,"Stairs runner, morning",3:4,interior-stairs-runner.jpg,"Library reserve — in BRAND_IMAGES but not currently wired to a typed slot. Available for future use, secondary scenes, or replacement of a primary slot if J-P prefers.",35mm.,,,,,_incoming-imagery/09-domestic-interiors/interior-stairs-runner.jpg
106,§10 Cabin Stills — Interior of the Aircraft,"Seat belt folded, ready",1:1,cabin-seat-belt-folded.jpg,Executive protection service — card + detail,85mm.,,,,,_incoming-imagery/10-cabin-stills/cabin-seat-belt-folded.jpg
107,§10 Cabin Stills — Interior of the Aircraft,"Oval window, cloud",4:5,cabin-window-soft-cloud.jpg,"Service detail pages hero (/services/:slug) | Home — Continuity proposition band, primary image",50mm.,,,,,_incoming-imagery/10-cabin-stills/cabin-window-soft-cloud.jpg
108,§10 Cabin Stills — Interior of the Aircraft,"Galley, ready",4:5,cabin-galley-detail.jpg,Services index hero — full bleed at top of /services | Contact — supporting editorial scene,35mm.,,,,,_incoming-imagery/10-cabin-stills/cabin-galley-detail.jpg
109,§10 Cabin Stills — Interior of the Aircraft,Cashmere throw in cabin,1:1,cabin-throw-still.jpg,"Library reserve — in BRAND_IMAGES but not currently wired to a typed slot. Available for future use, secondary scenes, or replacement of a primary slot if J-P prefers.",100mm macro.,,,,,_incoming-imagery/10-cabin-stills/cabin-throw-still.jpg
110,§10 Cabin Stills — Interior of the Aircraft,Carafe on walnut table,1:1,cabin-water-carafe.jpg,Seasonal bank — disruption register,85mm.,,,,,_incoming-imagery/10-cabin-stills/cabin-water-carafe.jpg
111,§10 Cabin Stills — Interior of the Aircraft,"Reading lamp, mid-flight",4:5,cabin-reading-lamp.jpg,"Library reserve — in BRAND_IMAGES but not currently wired to a typed slot. Available for future use, secondary scenes, or replacement of a primary slot if J-P prefers.",50mm.,,,,,_incoming-imagery/10-cabin-stills/cabin-reading-lamp.jpg
112,§10 Cabin Stills — Interior of the Aircraft,"Stateroom, turned down",16:9,cabin-stateroom-bed.jpg,Seasonal bank — returning home (used on Home closing band),28mm.,,,,,_incoming-imagery/10-cabin-stills/cabin-stateroom-bed.jpg
113,§10 Cabin Stills — Interior of the Aircraft,"Bulkhead, walnut",1:1,cabin-bulkhead-detail.jpg,"Library reserve — in BRAND_IMAGES but not currently wired to a typed slot. Available for future use, secondary scenes, or replacement of a primary slot if J-P prefers.",100mm macro.,,,,,_incoming-imagery/10-cabin-stills/cabin-bulkhead-detail.jpg
114,§10 Cabin Stills — Interior of the Aircraft,"Member desk, mid-flight",16:9,cabin-laptop-tablet.jpg,Bespoke charter service — card + detail page,50mm.,,,,,_incoming-imagery/10-cabin-stills/cabin-laptop-tablet.jpg
115,§10 Cabin Stills — Interior of the Aircraft,"Galley detail, crew-set",1:1,cabin-crew-still.jpg,"Library reserve — in BRAND_IMAGES but not currently wired to a typed slot. Available for future use, secondary scenes, or replacement of a primary slot if J-P prefers.",85mm.,,,,,_incoming-imagery/10-cabin-stills/cabin-crew-still.jpg
116,§10 Cabin Stills — Interior of the Aircraft,"Pet carrier, tucked",4:5,cabin-pet-carrier.jpg,"Library reserve — in BRAND_IMAGES but not currently wired to a typed slot. Available for future use, secondary scenes, or replacement of a primary slot if J-P prefers.",35mm.,,,,,_incoming-imagery/10-cabin-stills/cabin-pet-carrier.jpg
117,§10 Cabin Stills — Interior of the Aircraft,Ski bag at threshold,16:9,cabin-skis-correct-scale.jpg,Destinations page hero — full bleed at top of /destinations | Group charter service — relocations equivalent,28mm.,,,,,_incoming-imagery/10-cabin-stills/cabin-skis-correct-scale.jpg
118,§10 Cabin Stills — Interior of the Aircraft,Mid-flight breakfast,3:4,cabin-breakfast-late.jpg,"Library reserve — in BRAND_IMAGES but not currently wired to a typed slot. Available for future use, secondary scenes, or replacement of a primary slot if J-P prefers.",50mm.,,,,,_incoming-imagery/10-cabin-stills/cabin-breakfast-late.jpg
119,§11 Hands-only Vignettes and Human Fragments,"Hand on stone, lake",1:1,hand-stone-balustrade.jpg,About — team band,"85mm, f/2.",,,,,_incoming-imagery/11-hands-and-vignettes/hand-stone-balustrade.jpg
120,§11 Hands-only Vignettes and Human Fragments,Hand on brass rail,1:1,hand-brass-railing.jpg,"Library reserve — in BRAND_IMAGES but not currently wired to a typed slot. Available for future use, secondary scenes, or replacement of a primary slot if J-P prefers.",100mm macro.,,,,,_incoming-imagery/11-hands-and-vignettes/hand-brass-railing.jpg
121,§11 Hands-only Vignettes and Human Fragments,Breath on glass,1:1,breath-cold-glass.jpg,"Library reserve — in BRAND_IMAGES but not currently wired to a typed slot. Available for future use, secondary scenes, or replacement of a primary slot if J-P prefers.",135mm macro.,,,,,_incoming-imagery/11-hands-and-vignettes/breath-cold-glass.jpg
122,§11 Hands-only Vignettes and Human Fragments,Wool cuff on sill,1:1,cuff-sill.jpg,"Library reserve — in BRAND_IMAGES but not currently wired to a typed slot. Available for future use, secondary scenes, or replacement of a primary slot if J-P prefers.",85mm.,,,,,_incoming-imagery/11-hands-and-vignettes/cuff-sill.jpg
123,§11 Hands-only Vignettes and Human Fragments,"Hands, folded linen",1:1,hands-folded-linen.jpg,"Library reserve — in BRAND_IMAGES but not currently wired to a typed slot. Available for future use, secondary scenes, or replacement of a primary slot if J-P prefers.",100mm macro.,,,,,_incoming-imagery/11-hands-and-vignettes/hands-folded-linen.jpg
124,§11 Hands-only Vignettes and Human Fragments,Shoulder receding,16:9,shoulder-receding-hall.jpg,"Library reserve — in BRAND_IMAGES but not currently wired to a typed slot. Available for future use, secondary scenes, or replacement of a primary slot if J-P prefers.",35mm.,,,,,_incoming-imagery/11-hands-and-vignettes/shoulder-receding-hall.jpg
125,§11 Hands-only Vignettes and Human Fragments,Hand at the car door,16:9,hand-at-car-door.jpg,"Library reserve — in BRAND_IMAGES but not currently wired to a typed slot. Available for future use, secondary scenes, or replacement of a primary slot if J-P prefers.",50mm.,,,,,_incoming-imagery/11-hands-and-vignettes/hand-at-car-door.jpg
126,§11 Hands-only Vignettes and Human Fragments,"Profile, deeply out of focus",4:5,profile-out-of-focus.jpg,"Library reserve — in BRAND_IMAGES but not currently wired to a typed slot. Available for future use, secondary scenes, or replacement of a primary slot if J-P prefers.","85mm, f/1.",,,,,_incoming-imagery/11-hands-and-vignettes/profile-out-of-focus.jpg
127,§11 Hands-only Vignettes and Human Fragments,Silhouette in glass,4:5,reflected-silhouette.jpg,"Library reserve — in BRAND_IMAGES but not currently wired to a typed slot. Available for future use, secondary scenes, or replacement of a primary slot if J-P prefers.",135mm.,,,,,_incoming-imagery/11-hands-and-vignettes/reflected-silhouette.jpg
128,§11 Hands-only Vignettes and Human Fragments,Hand on mooring rope,1:1,hand-harbour-rope.jpg,"Library reserve — in BRAND_IMAGES but not currently wired to a typed slot. Available for future use, secondary scenes, or replacement of a primary slot if J-P prefers.",100mm macro.,,,,,_incoming-imagery/11-hands-and-vignettes/hand-harbour-rope.jpg
129,§11 Hands-only Vignettes and Human Fragments,"Forearm, alpine rail",1:1,forearm-railing-alpine.jpg,"Library reserve — in BRAND_IMAGES but not currently wired to a typed slot. Available for future use, secondary scenes, or replacement of a primary slot if J-P prefers.",85mm.,,,,,_incoming-imagery/11-hands-and-vignettes/forearm-railing-alpine.jpg
130,§11 Hands-only Vignettes and Human Fragments,"Hand, porcelain cup",1:1,hand-porcelain-cup.jpg,"Library reserve — in BRAND_IMAGES but not currently wired to a typed slot. Available for future use, secondary scenes, or replacement of a primary slot if J-P prefers.",100mm macro.,,,,,_incoming-imagery/11-hands-and-vignettes/hand-porcelain-cup.jpg
131,§11 Hands-only Vignettes and Human Fragments,"Back of head, rear seat",16:9,back-of-head-car.jpg,"Library reserve — in BRAND_IMAGES but not currently wired to a typed slot. Available for future use, secondary scenes, or replacement of a primary slot if J-P prefers.",50mm.,,,,,_incoming-imagery/11-hands-and-vignettes/back-of-head-car.jpg
132,§11 Hands-only Vignettes and Human Fragments,Glove on timber,1:1,hand-alpine-glove.jpg,"Library reserve — in BRAND_IMAGES but not currently wired to a typed slot. Available for future use, secondary scenes, or replacement of a primary slot if J-P prefers.",85mm.,,,,,_incoming-imagery/11-hands-and-vignettes/hand-alpine-glove.jpg
133,"§12 Textures, Ambient Light and Arrivals","Linen weave, close",1:1,texture-linen-weave.jpg,On-demand service — card + detail | About — small CALM-acronym vignette accent | Seasonal bank — autumn texture / cat-chair register,100mm macro.,,,,,_incoming-imagery/12-textures-ambient-arrivals/texture-linen-weave.jpg
134,"§12 Textures, Ambient Light and Arrivals","Walnut grain, lamplit",1:1,texture-walnut-grain.jpg,"Library reserve — in BRAND_IMAGES but not currently wired to a typed slot. Available for future use, secondary scenes, or replacement of a primary slot if J-P prefers.",100mm macro.,,,,,_incoming-imagery/12-textures-ambient-arrivals/texture-walnut-grain.jpg
135,"§12 Textures, Ambient Light and Arrivals","Brass handle, worn",1:1,texture-brass-worn.jpg,"Library reserve — in BRAND_IMAGES but not currently wired to a typed slot. Available for future use, secondary scenes, or replacement of a primary slot if J-P prefers.",135mm macro.,,,,,_incoming-imagery/12-textures-ambient-arrivals/texture-brass-worn.jpg
136,"§12 Textures, Ambient Light and Arrivals",Wide-board oak floor,3:4,texture-oak-floor.jpg,"Library reserve — in BRAND_IMAGES but not currently wired to a typed slot. Available for future use, secondary scenes, or replacement of a primary slot if J-P prefers.",85mm.,,,,,_incoming-imagery/12-textures-ambient-arrivals/texture-oak-floor.jpg
137,"§12 Textures, Ambient Light and Arrivals",Alpine first light,21:9,ambient-alpine-first-light.jpg,"Library reserve — in BRAND_IMAGES but not currently wired to a typed slot. Available for future use, secondary scenes, or replacement of a primary slot if J-P prefers.",50mm.,,,,,_incoming-imagery/12-textures-ambient-arrivals/ambient-alpine-first-light.jpg
138,"§12 Textures, Ambient Light and Arrivals",Mediterranean late sun,21:9,ambient-mediterranean-late.jpg,"Library reserve — in BRAND_IMAGES but not currently wired to a typed slot. Available for future use, secondary scenes, or replacement of a primary slot if J-P prefers.",135mm.,,,,,_incoming-imagery/12-textures-ambient-arrivals/ambient-mediterranean-late.jpg
139,"§12 Textures, Ambient Light and Arrivals","London overcast, 07:30",16:9,ambient-london-overcast.jpg,"Library reserve — in BRAND_IMAGES but not currently wired to a typed slot. Available for future use, secondary scenes, or replacement of a primary slot if J-P prefers.",28mm.,,,,,_incoming-imagery/12-textures-ambient-arrivals/ambient-london-overcast.jpg
140,"§12 Textures, Ambient Light and Arrivals",Lugano quay at dusk,16:9,ambient-lugano-dusk.jpg,"Library reserve — in BRAND_IMAGES but not currently wired to a typed slot. Available for future use, secondary scenes, or replacement of a primary slot if J-P prefers.",85mm.,,,,,_incoming-imagery/12-textures-ambient-arrivals/ambient-lugano-dusk.jpg
141,"§12 Textures, Ambient Light and Arrivals","Car waiting, threshold",16:9,arrange-car-waiting.jpg,"Library reserve — in BRAND_IMAGES but not currently wired to a typed slot. Available for future use, secondary scenes, or replacement of a primary slot if J-P prefers.",35mm.,,,,,_incoming-imagery/12-textures-ambient-arrivals/arrange-car-waiting.jpg
142,"§12 Textures, Ambient Light and Arrivals","Florist delivery, 07:00",1:1,arrange-florist-dawn.jpg,"Library reserve — in BRAND_IMAGES but not currently wired to a typed slot. Available for future use, secondary scenes, or replacement of a primary slot if J-P prefers.",50mm.,,,,,_incoming-imagery/12-textures-ambient-arrivals/arrange-florist-dawn.jpg
143,"§12 Textures, Ambient Light and Arrivals","Garment bag, hall chair",4:5,arrange-garment-bag.jpg,"Library reserve — in BRAND_IMAGES but not currently wired to a typed slot. Available for future use, secondary scenes, or replacement of a primary slot if J-P prefers.",35mm.,,,,,_incoming-imagery/12-textures-ambient-arrivals/arrange-garment-bag.jpg
144,"§12 Textures, Ambient Light and Arrivals","Concierge note, folded",1:1,arrange-concierge-note.jpg,"Library reserve — in BRAND_IMAGES but not currently wired to a typed slot. Available for future use, secondary scenes, or replacement of a primary slot if J-P prefers.",100mm macro.,,,,,_incoming-imagery/12-textures-ambient-arrivals/arrange-concierge-note.jpg
145,"§12 Textures, Ambient Light and Arrivals","Arrival, sash rain",3:4,arrival-london-sash.jpg,"Library reserve — in BRAND_IMAGES but not currently wired to a typed slot. Available for future use, secondary scenes, or replacement of a primary slot if J-P prefers.",85mm.,,,,,_incoming-imagery/12-textures-ambient-arrivals/arrival-london-sash.jpg
146,"§12 Textures, Ambient Light and Arrivals","Arrival, alpine porch",16:9,arrival-alpine-porch.jpg,"Library reserve — in BRAND_IMAGES but not currently wired to a typed slot. Available for future use, secondary scenes, or replacement of a primary slot if J-P prefers.",35mm.,,,,,_incoming-imagery/12-textures-ambient-arrivals/arrival-alpine-porch.jpg
147,"§12 Textures, Ambient Light and Arrivals","Arrival, island door",4:5,arrival-island-door.jpg,"Library reserve — in BRAND_IMAGES but not currently wired to a typed slot. Available for future use, secondary scenes, or replacement of a primary slot if J-P prefers.",50mm.,,,,,_incoming-imagery/12-textures-ambient-arrivals/arrival-island-door.jpg
148,"§12 Textures, Ambient Light and Arrivals","Mist on water, 06:45",21:9,ambient-mist-on-lake.jpg,"Library reserve — in BRAND_IMAGES but not currently wired to a typed slot. Available for future use, secondary scenes, or replacement of a primary slot if J-P prefers.",135mm.,,,,,_incoming-imagery/12-textures-ambient-arrivals/ambient-mist-on-lake.jpg
149,"§12 Textures, Ambient Light and Arrivals","Candle, evening interior",1:1,ambient-candle-evening.jpg,"Library reserve — in BRAND_IMAGES but not currently wired to a typed slot. Available for future use, secondary scenes, or replacement of a primary slot if J-P prefers.",100mm macro.,,,,,_incoming-imagery/12-textures-ambient-arrivals/ambient-candle-evening.jpg
150,"§12 Textures, Ambient Light and Arrivals","Cabin ready, night return",21:9,ambient-cabin-empty-ready.jpg,"Library reserve — in BRAND_IMAGES but not currently wired to a typed slot. Available for future use, secondary scenes, or replacement of a primary slot if J-P prefers.",24mm.,,,,,_incoming-imagery/12-textures-ambient-arrivals/ambient-cabin-empty-ready.jpg
151,§13 Milan — the English-speaker city,"Linate FBO, first light",21:9,milan-linate-fbo-first-light.jpg,Three Cities — Milan (the strategic FBO shot) on Home,"28mm, 06:35.",,,,,_incoming-imagery/13-milan-english-speaker-city/milan-linate-fbo-first-light.jpg
152,§13 Milan — the English-speaker city,"Brera arcade, before the city",16:9,milan-brera-arcade-morning.jpg,About page hero — full bleed at top of /about | Seasonal bank — back-to-school register,"35mm, 07:10.",,,,,_incoming-imagery/13-milan-english-speaker-city/milan-brera-arcade-morning.jpg
153,§13 Milan — the English-speaker city,"Palazzo courtyard, sycamore shadow",3:4,milan-palazzo-courtyard.jpg,"Library reserve — in BRAND_IMAGES but not currently wired to a typed slot. Available for future use, secondary scenes, or replacement of a primary slot if J-P prefers.",24mm.,,,,,_incoming-imagery/13-milan-english-speaker-city/milan-palazzo-courtyard.jpg
154,§13 Milan — the English-speaker city,"Lake Como villa terrace, 06:45",4:5,milan-lake-como-villa-terrace.jpg,"Home — Continuity proposition band, secondary / arrival side | Seasonal bank — Christmas table register",35mm.,,,,,_incoming-imagery/13-milan-english-speaker-city/milan-lake-como-villa-terrace.jpg
155,§13 Milan — the English-speaker city,"Quadrilatero d'Oro, late autumn dusk",16:9,milan-quadrilatero-dusk.jpg,"Library reserve — in BRAND_IMAGES but not currently wired to a typed slot. Available for future use, secondary scenes, or replacement of a primary slot if J-P prefers.","50mm, 17:40.",,,,,_incoming-imagery/13-milan-english-speaker-city/milan-quadrilatero-dusk.jpg
156,§13 Milan — the English-speaker city,"Navigli reflection, first light",21:9,milan-navigli-first-light.jpg,About — founding 2013 narrative band,"50mm, f/2.",,,,,_incoming-imagery/13-milan-english-speaker-city/milan-navigli-first-light.jpg
157,§13 Milan — the English-speaker city,"English kitchen, Italian shutters beyond",4:5,milan-english-kitchen-italian-window.jpg,Three Cities — Milan English-speaker register (paired with main Milan),"35mm, 08:00.",,,,,_incoming-imagery/13-milan-english-speaker-city/milan-english-kitchen-italian-window.jpg
158,§13 Milan — the English-speaker city,Mayfair-coded study with Linate haze,3:4,milan-mayfair-coded-study.jpg,"Library reserve — in BRAND_IMAGES but not currently wired to a typed slot. Available for future use, secondary scenes, or replacement of a primary slot if J-P prefers.","50mm, f/2.",,,,,_incoming-imagery/13-milan-english-speaker-city/milan-mayfair-coded-study.jpg
159,§13 Milan — the English-speaker city,"Tea things on Milan marble, 08:15",1:1,milan-tea-on-marble.jpg,"Library reserve — in BRAND_IMAGES but not currently wired to a typed slot. Available for future use, secondary scenes, or replacement of a primary slot if J-P prefers.","85mm, f/2.",,,,,_incoming-imagery/13-milan-english-speaker-city/milan-tea-on-marble.jpg
160,§13 Milan — the English-speaker city,"Walnut library, Como view at 16:00",16:9,milan-walnut-library-como-view.jpg,Membership service — member-residence register | About — household / architecture band,35mm.,,,,,_incoming-imagery/13-milan-english-speaker-city/milan-walnut-library-como-view.jpg
161,§13 Milan — the English-speaker city,"Dressing room, sash window, Milan",4:5,milan-dressing-room-italian-light.jpg,"Library reserve — in BRAND_IMAGES but not currently wired to a typed slot. Available for future use, secondary scenes, or replacement of a primary slot if J-P prefers.",35mm.,,,,,_incoming-imagery/13-milan-english-speaker-city/milan-dressing-room-italian-light.jpg
162,§13 Milan — the English-speaker city,Como weekend kitchen — could be the Cotswolds,4:5,milan-como-weekend-kitchen.jpg,"Library reserve — in BRAND_IMAGES but not currently wired to a typed slot. Available for future use, secondary scenes, or replacement of a primary slot if J-P prefers.",28mm.,,,,,_incoming-imagery/13-milan-english-speaker-city/milan-como-weekend-kitchen.jpg
