filepath,author,comment,replies,anchor,created
IMAGERY_TRIAGE.xlsx,,(no comment),,,
manifest.jsonl,,(no comment),,,
13-milan-english-speaker-city/milan-como-weekend-kitchen.jpg,michael singleton,"lovely, again feels like lugano",,"[null,[null,[0.14407777917135425,0.4144222415291051,0.7890573804186163,0.9357080799304952]],null,""0B4FkjOvGXGNBRG9YeGx4c2ZjbDRLYXNtQm9CSWdpYTV5dFVNPQ""]",2026-05-05T20:17:52.942Z
13-milan-english-speaker-city/milan-dressing-room-italian-light.jpg,michael singleton,"seems like a shop, sure",,"[null,[null,[0.17535605414822816,0.3344917463075586,0.8052357985101029,0.833188531711555]],null,""0B4FkjOvGXGNBN0ZWVFpmNDhLT0tibGp4UzlqWFU5MXpyRjRnPQ""]",2026-05-05T20:17:43.359Z
13-milan-english-speaker-city/milan-walnut-library-como-view.jpg,michael singleton,perfect but feels lugao,,"[null,[null,[0.38168023267652745,0.4422241529105126,0.8336229316440582,0.9860990443092963]],null,""0B4FkjOvGXGNBSElhWWpvWnZ0MnZoMmhocjQwdHlqS0xhVzNFPQ""]",2026-05-05T20:17:18.701Z
13-milan-english-speaker-city/milan-tea-on-marble.jpg,michael singleton,someone's eating for 0.25 people this morning huh,,"[null,[null,[0.14031277150304083,0.31711555169417893,0.9013900955690703,0.8748913987836663]],null,""0B4FkjOvGXGNBbnBnZmJwRTdKQ0szUzhHZXVzbGtYVzF6VmxrPQ""]",2026-05-05T20:17:11.307Z
13-milan-english-speaker-city/milan-mayfair-coded-study.jpg,michael singleton,lovely,,"[null,[null,[0.20675766931568096,0.3258036490008688,0.7373917062716435,0.840139009556907]],null,""0B4FkjOvGXGNBdmpOaEFhWEUxeUNYSTkreENiQjByNmhPMlo0PQ""]",2026-05-05T20:16:44.537Z
13-milan-english-speaker-city/milan-english-kitchen-italian-window.jpg,michael singleton,weird milk jug thing,,"[null,[null,[0.18722022741531827,0.49609035621198955,0.8127857269527966,0.9756733275412683]],null,""0B4FkjOvGXGNBSVIyUFBiTm9qZDRkZHRvNEhqOTd5Q0I2RC9NPQ""]",2026-05-05T20:16:37.415Z
13-milan-english-speaker-city/milan-navigli-first-light.jpg,michael singleton,nice if it's accurate,,"[null,[null,[0.39794303797468356,0.2421945637432188,0.689873417721519,0.7718057753164557]],null,""0B4FkjOvGXGNBMmREb2F2dXpFZEJGUzRTdm5yeHVLa2FKL2VFPQ""]",2026-05-05T20:16:21.831Z
13-milan-english-speaker-city/milan-quadrilatero-dusk.jpg,michael singleton,car feels out of place,,"[null,[null,[0.14940496142604762,0.2893136403127715,0.5402481109623456,0.7428323197219808]],null,""0B4FkjOvGXGNBOVArR2pUaDA5TVZhenJ6MmhBaUJQc29ORjdJPQ""]",2026-05-05T20:16:02.585Z
13-milan-english-speaker-city/milan-lake-como-villa-terrace.jpg,michael singleton,nice,,"[null,[null,[0.4320536211998141,0.3414422241529105,0.9713342242493643,0.894005212858384]],null,""0B4FkjOvGXGNBTi8rbWJhb1NCWnlwM0lTS0kzbkVmRXJ6UWRFPQ""]",2026-05-05T20:15:53.464Z
13-milan-english-speaker-city/milan-palazzo-courtyard.jpg,michael singleton,gorgeous,,"[null,[null,[0.3289431383515934,0.32232841007819285,0.7385553774053188,0.7741094700260642]],null,""0B4FkjOvGXGNBVlF5bzdkMlhLMUFXU1lLL09KZTBCY2pxVzM0PQ""]",2026-05-05T20:15:48.226Z
13-milan-english-speaker-city/milan-brera-arcade-morning.jpg,michael singleton,is this how their doors look?,,"[null,[null,[0.42823227033841904,0.26498696785403997,0.6794193068890424,0.6733275412684622]],null,""0B4FkjOvGXGNBdGRhemNvVEsydWgxa3hTdmRHTllYWHFKZUxnPQ""]",2026-05-05T20:15:39.172Z
13-milan-english-speaker-city/milan-linate-fbo-first-light.jpg,michael singleton,is this a real place?,,"[null,[null,[0.5134493670886076,0.39511047694394213,0.7136075949367088,0.7997781984629295]],null,""0B4FkjOvGXGNBYktpSzFkQjV6NzNoaFVhMCtwT0ROckVxVUxRPQ""]",2026-05-05T20:15:27.231Z
12-textures-ambient-arrivals/ambient-cabin-empty-ready.jpg,michael singleton,"if accurate, nice",,"[null,[null,[0.35561708860759494,0.352219428119349,0.6847310126582278,0.9995479204339963]],null,""0B4FkjOvGXGNBRGdtMDA3aVFFVld4SysxcDhRcXo5NDNDTFl3PQ""]",2026-05-05T20:15:15.484Z
12-textures-ambient-arrivals/ambient-candle-evening.jpg,michael singleton,nice,,"[null,[null,[0.31841876629018245,0.3414422241529105,0.8570807993049523,0.9808861859252823]],null,""0B4FkjOvGXGNBWmVoRnJZOG5PMzZKUkJaV05PQkJvNTFFWi9jPQ""]",2026-05-05T20:15:07.270Z
12-textures-ambient-arrivals/ambient-mist-on-lake.jpg,michael singleton,lovely,,"[null,[null,[0.36194620253164556,0.39884013336347196,0.8208069620253164,0.8463989037070524]],null,""0B4FkjOvGXGNBWjJpcUpmNkpiNFY2OVdwN3I3OE10R2tZK3NrPQ""]",2026-05-05T20:15:02.601Z
12-textures-ambient-arrivals/arrival-island-door.jpg,michael singleton,seems implausaible but looks nice,,"[null,[null,[0.15378483002624616,0.3953084274543875,0.926034653593202,0.9669852302345785]],null,""0B4FkjOvGXGNBV2d4WHhiS2oxZEkxL2dnYjdOYWNDZUF5YUVBPQ""]",2026-05-05T20:14:56.505Z
12-textures-ambient-arrivals/arrival-alpine-porch.jpg,michael singleton,yep nice,,"[null,[null,[0.3904087397381321,0.4300608166811468,0.8850241398957301,0.8801042571676803]],null,""0B4FkjOvGXGNBbXVyTkdxVDZ5UlkraUYrK1dOQTY5SG5Zb3RjPQ""]",2026-05-05T20:14:47.436Z
12-textures-ambient-arrivals/arrival-london-sash.jpg,michael singleton,lovely,,"[null,[null,[0.27890527960355305,0.3570807993049522,0.9328884567291034,0.7827975673327541]],null,""0B4FkjOvGXGNBNVJkYkFib002b3dsVStHa1hCSjdGeDNYWnhvPQ""]",2026-05-05T20:14:41.292Z
12-textures-ambient-arrivals/arrange-concierge-note.jpg,michael singleton,remove card,,"[null,[null,[0.4339704604691572,0.39009556907037357,0.8596872284969591,0.9113814074717637]],null,""0B4FkjOvGXGNBM0lBVTVyWWE4bGFjR3B1VTVBT1Y5T084R2dRPQ""]",2026-05-05T20:14:35.205Z
12-textures-ambient-arrivals/arrange-garment-bag.jpg,michael singleton,ehh feels fake,,"[null,[null,[0.2411482877202733,0.23718505647263247,0.8451425631357695,0.8488271068635967]],null,""0B4FkjOvGXGNBUXU3Q3p3TWh6OEFsUFFkUmU0WkNBQUVMVXZ3PQ""]",2026-05-05T20:14:27.797Z
12-textures-ambient-arrivals/arrange-florist-dawn.jpg,michael singleton,nice but weirdly low letterbox opening,,"[null,[null,[0.288010425716768,0.315377932232841,0.8110338835794961,0.7584708948740225]],null,""0B4FkjOvGXGNBaXhka29XTkZQOUFRb3MrNkpIUlZBYm9zUHJNPQ""]",2026-05-05T20:14:07.490Z
12-textures-ambient-arrivals/arrange-car-waiting.jpg,michael singleton,not bad,,"[null,[null,[0.46217646446688165,0.25803649000868806,0.7938597328078592,0.7150304083405734]],null,""0B4FkjOvGXGNBc0Rlbk9LTy8xc3c5UlRsbFFmbzVEVWM5dStFPQ""]",2026-05-05T20:13:54.277Z
12-textures-ambient-arrivals/ambient-lugano-dusk.jpg,michael singleton,wonderful if accurate,,"[null,[null,[0.3225203514812069,0.2823631624674196,0.740518856320275,0.7741094700260642]],null,""0B4FkjOvGXGNBYkxWWk0vKy9zZncrdDVRL1MxKy9ISmNUWStJPQ""]",2026-05-05T20:13:46.789Z
12-textures-ambient-arrivals/ambient-london-overcast.jpg,michael singleton,lovely,,"[null,[null,[0.3719818914969667,0.21285838401390095,0.7259713445509339,0.8853171155516941]],null,""0B4FkjOvGXGNBV0p2c09PeHpkQWI3NnVBYnR1SCs0aWc4K1Q0PQ""]",2026-05-05T20:13:34.753Z
12-textures-ambient-arrivals/ambient-mediterranean-late.jpg,michael singleton,nice,,"[null,[null,[0.3575949367088608,0.2888152689873418,0.8481012658227849,0.90234375]],null,""0B4FkjOvGXGNBU01GZDJXcktCQmkxNXdGSmo5VXR6TzQ2enRNPQ""]",2026-05-05T20:13:21.648Z
12-textures-ambient-arrivals/ambient-alpine-first-light.jpg,michael singleton,yes if geographically accurate,,"[null,[null,[0.375,0.2720318150994575,0.6645569620253164,0.8408044190777577]],null,""0B4FkjOvGXGNBdktOUkFRT2VIWTN2N0N3ZzFGK09IazczbmtBPQ""]",2026-05-05T20:13:15.095Z
12-textures-ambient-arrivals/texture-oak-floor.jpg,michael singleton,sure,,"[null,[null,[0.15322879716661456,0.34839270199826233,0.7723018402819042,0.9026933101650738]],null,""0B4FkjOvGXGNBOVdTbzBxdUlxOHhpaFE5aEhQRDlTUHlOLzMwPQ""]",2026-05-05T20:13:01.072Z
12-textures-ambient-arrivals/texture-brass-worn.jpg,michael singleton,weird placement,,"[null,[null,[0.23414422241529104,0.22154648132059077,0.8231972198088617,0.7428323197219808]],null,""0B4FkjOvGXGNBc2t4T0tUbFNXeldEdndMZTllMFloa3JuSnZRPQ""]",2026-05-05T20:12:55.318Z
12-textures-ambient-arrivals/texture-walnut-grain.jpg,michael singleton,yes,,"[null,[null,[0.341876629018245,0.3258036490008688,0.6911381407471764,0.6420503909643788]],null,""0B4FkjOvGXGNBdDRLaXhIM0VHM0s2TThJV1FRcldONkdHZGRFPQ""]",2026-05-05T20:12:46.542Z
12-textures-ambient-arrivals/texture-linen-weave.jpg,michael singleton,yes,,"[null,[null,[0.29843614248479583,0.31711555169417893,0.6807124239791486,0.6559513466550825]],null,""0B4FkjOvGXGNBaFRNNDlvb1lyZFVhOFdXRGtkVllpbkVDaEU4PQ""]",2026-05-05T20:12:42.937Z
11-hands-and-vignettes/hand-alpine-glove.jpg,michael singleton,sure,,"[null,[null,[0.36272806255430057,0.3761946133796698,0.8909643788010425,0.9339704604691572]],null,""0B4FkjOvGXGNBbTdxVVMwQi8xMnp4MHRWOU10Tmgwa2Rqb3VnPQ""]",2026-05-05T20:12:32.244Z
11-hands-and-vignettes/back-of-head-car.jpg,michael singleton,nice,,"[null,[null,[0.09169983140766118,0.19200695047784533,0.6900874821865591,0.7289313640312771]],null,""0B4FkjOvGXGNBZ29KTll0bzRHWkh2K1YzZnlGbXZlRExiRk9nPQ""]",2026-05-05T20:12:26.701Z
11-hands-and-vignettes/hand-porcelain-cup.jpg,michael singleton,completely senseless unless we're selling prosthesis,,"[null,[null,[0.15595134665508253,0.20243266724587314,0.6164205039096438,0.7428323197219808]],null,""0B4FkjOvGXGNBbWw4em9SR3JPTnFSam5yb3BsTDFEYTBkY2g4PQ""]",2026-05-05T20:12:19.901Z
11-hands-and-vignettes/forearm-railing-alpine.jpg,michael singleton,"weird hand placement, where is the body?",,"[null,[null,[0.22893136403127715,0.2684622067767159,0.8040834057341442,0.9426585577758471]],null,""0B4FkjOvGXGNBa2dYQWlWWStpcS9tQlF0Umo1aDl5TWhKakowPQ""]",2026-05-05T20:12:04.831Z
11-hands-and-vignettes/hand-harbour-rope.jpg,michael singleton,nice,,"[null,[null,[0.14900086880973065,0.3292788879235447,0.7241529105125977,0.836663770634231]],null,""0B4FkjOvGXGNBeDdvV1h2czUvTGRtdy9ibXR6TzhkOHBMazNRPQ""]",2026-05-05T20:11:52.801Z
11-hands-and-vignettes/reflected-silhouette.jpg,michael singleton,like it,,"[null,[null,[0.37704699968876,0.32754126846220677,0.8645566648455534,0.7602085143353605]],null,""0B4FkjOvGXGNBYWoxY1U2NkRqWC9EWjZFOURsaHhaMFA4YWhZPQ""]",2026-05-05T20:11:44.702Z
11-hands-and-vignettes/profile-out-of-focus.jpg,michael singleton,he's just like me,,"[null,[null,[0.17859173776652548,0.2719374456993918,0.7049296063428865,0.68375325803649]],null,""0B4FkjOvGXGNBOW5lL0VLbmtGbW1pNmEra0R0VjdHRDFES0dnPQ""]",2026-05-05T20:11:38.108Z
11-hands-and-vignettes/hand-at-car-door.jpg,michael singleton,what is the interior? seems weird,,"[null,[null,[0.34870587266602093,0.14856646394439618,0.6871779798326909,0.7306689834926151]],null,""0B4FkjOvGXGNBNkhDdFlEZS95K215VlVBZHljcGxEa1JsWXJvPQ""]",2026-05-05T20:11:27.510Z
11-hands-and-vignettes/shoulder-receding-hall.jpg,michael singleton,decent,,"[null,[null,[0.24978279263450132,0.2458731537793223,0.5872850656832153,0.732406602953953]],null,""0B4FkjOvGXGNBdFdsTVNPUG9vZGtrM1pUc0x2elhlNnBVcVlFPQ""]",2026-05-05T20:11:02.903Z
11-hands-and-vignettes/hands-folded-linen.jpg,michael singleton,sure,,"[null,[null,[0.42180712423979144,0.29105125977410945,0.7658557775847089,0.8210251954821894]],null,""0B4FkjOvGXGNBMlF2cXNmd2NhTUxKWkhiek9WcStpcmQ4MmRnPQ""]",2026-05-05T20:10:51.721Z
11-hands-and-vignettes/cuff-sill.jpg,michael singleton,decapitated hand no thanks,,"[null,[null,[0.45482189400521283,0.40225890529973934,0.8857515204170286,0.9096437880104258]],null,""0B4FkjOvGXGNBQ09yYVhVSXNQTHFJMm1najNxWXdMZVcramlrPQ""]",2026-05-05T20:10:43.670Z
11-hands-and-vignettes/breath-cold-glass.jpg,michael singleton,nice,,"[null,[null,[0.37836663770634227,0.4769765421372719,0.9569939183318853,0.9374456993918332]],null,""0B4FkjOvGXGNBcWdqemRWWWFtYXRVUUlIUlBPSC8ycHROWDNNPQ""]",2026-05-05T20:10:33.499Z
11-hands-and-vignettes/hand-brass-railing.jpg,michael singleton,nice,,"[null,[null,[0.3071242397914856,0.2841007819287576,0.7415291051259774,0.8158123370981754]],null,""0B4FkjOvGXGNBdEVWRGkxaWRkNlArTjJ2QjhiZ05adTBMbXVzPQ""]",2026-05-05T20:10:25.316Z
11-hands-and-vignettes/hand-stone-balustrade.jpg,michael singleton,reverse watch,,"[null,[null,[0.2758470894874022,0.34839270199826233,0.7953953084274543,0.8088618592528236]],null,""0B4FkjOvGXGNBRlV0YU9uL295UW9lVVgxeVdPeGRkWFNJYTE0PQ""]",2026-05-05T20:10:18.869Z
10-cabin-stills/cabin-breakfast-late.jpg,michael singleton,clouds too fake,,"[null,[null,[0.23003109198918809,0.5013032145960035,0.9995935038271311,1]],null,""0B4FkjOvGXGNBTEFNb0hUMkdVUG54RXEzYklDdEVUTUJObmJNPQ""]",2026-05-05T20:10:04.418Z
10-cabin-stills/cabin-skis-correct-scale.jpg,michael singleton,feels out of place,,"[null,[null,[0.51939667742629,0.47958297132927885,0.767674211623045,0.8861859252823632]],null,""0B4FkjOvGXGNBanBVdHppaGNRWDM5aFN1UXo2akR3V0JNRXE0PQ""]",2026-05-05T20:09:54.599Z
10-cabin-stills/cabin-pet-carrier.jpg,michael singleton,weird dog,,"[null,[null,[0.2842907359642373,0.3249348392701998,0.78474313559422,0.7923544743701129]],null,""0B4FkjOvGXGNBdkJUSGhXd09pSVNOOXdEdDVQZUNKN3hhaTA0PQ""]",2026-05-05T20:09:45.135Z
10-cabin-stills/cabin-crew-still.jpg,michael singleton,nice,,"[null,[null,[0.3662033014769765,0.4257167680278019,0.6807124239791484,0.9000868809730669]],null,""0B4FkjOvGXGNBbjVIRk5iaGNlQXc1UW9nMGFxVmhFckszYjhrPQ""]",2026-05-05T20:09:33.306Z
10-cabin-stills/cabin-laptop-tablet.jpg,michael singleton,ok that's fine,,"[null,[null,[0.3409471997223723,0.42224152910512597,0.8908431446034666,1]],null,""0B4FkjOvGXGNBMVA0Uk5EYW5HeDdrdXVydmpOZC9aSXZqWElzPQ""]",2026-05-05T20:09:27.339Z
10-cabin-stills/cabin-bulkhead-detail.jpg,michael singleton,ok nice,,"[null,[null,[0.3366637706342311,0.21720243266724587,0.6407471763683753,0.7523892267593397]],null,""0B4FkjOvGXGNBV09NU0tYRmpGSFZEeXRhS08wN3o1Tmg3ekxRPQ""]",2026-05-05T20:09:19.471Z
10-cabin-stills/cabin-stateroom-bed.jpg,michael singleton,lovely if accurate,,"[null,[null,[0.36616288678923026,0.3631624674196351,0.7153031692534171,0.9226759339704604]],null,""0B4FkjOvGXGNBeWZuSEJxUTFGMGlCaC9aazhCWVZzS1p2aVFvPQ""]",2026-05-05T20:09:07.219Z
10-cabin-stills/cabin-reading-lamp.jpg,michael singleton,"weird hand again, where is the person's body, outside the plane?",,"[null,[null,[0.18937734982751647,0.1355343179843614,0.9206418475627065,0.947002606429192]],null,""0B4FkjOvGXGNBSnhqWG9pRGw5YUMzczlTeVRtWW8vTFNZL1RrPQ""]",2026-05-05T20:08:57.706Z
10-cabin-stills/cabin-water-carafe.jpg,michael singleton,lovely,,"[null,[null,[0.28279756733275413,0.35273675065160726,0.7936576889661164,0.941789748045178]],null,""0B4FkjOvGXGNBNmU3R1FDelQ0MmFqSDRPdjViQXdhaUJUaWhrPQ""]",2026-05-05T20:08:41.667Z
10-cabin-stills/cabin-throw-still.jpg,michael singleton,nice,,"[null,[null,[0.23240660295395307,0.4622067767158992,0.8197219808861859,0.9209383145091224]],null,""0B4FkjOvGXGNBejg4Qi9FVVJKU1RXWkludXB3NzJlbHpxVTVZPQ""]",2026-05-05T20:08:36.241Z
10-cabin-stills/cabin-galley-detail.jpg,michael singleton,no need for towel,,"[null,[null,[0.17212037052993087,0.46915725456125107,0.6596300356867243,0.8757602085143353]],null,""0B4FkjOvGXGNBSUNoa3FyYmVYT2JGU0ZmVm03YVR6Z2pyOHV3PQ""]",2026-05-05T20:08:29.785Z
10-cabin-stills/cabin-window-soft-cloud.jpg,michael singleton,weird hand,,"[null,[null,[0.2799764911398409,0.6411815812337098,0.7523862994112469,0.9678540399652475]],null,""0B4FkjOvGXGNBQ1E4ajdxZFVVUkdGdmdBeDZtbXRnZUtwZ3BVPQ""]",2026-05-05T20:08:20.405Z
10-cabin-stills/cabin-seat-belt-folded.jpg,michael singleton,great,,"[null,[null,[0.2758470894874022,0.41702867072111205,0.7050390964378801,0.8479582971329278]],null,""0B4FkjOvGXGNBanZYMUpkdDBpOFdjZTVMWXhoZFFEdXJTckg4PQ""]",2026-05-05T20:08:12.912Z
09-domestic-interiors/interior-stairs-runner.jpg,michael singleton,perfect,,"[null,[null,[0.344070863089373,0.3770634231103388,0.7536831021430985,0.835794960903562]],null,""0B4FkjOvGXGNBdkI4ZnhrOUVEUVVrdGpSY2RSWGE5ZjVTS0M0PQ""]",2026-05-05T20:08:01.789Z
09-domestic-interiors/interior-flowers-restrained.jpg,michael singleton,weird positioning of the person,,"[null,[null,[0.3071242397914856,0.3353605560382276,0.7571676802780191,0.8827106863596872]],null,""0B4FkjOvGXGNBNnpodTVhTm4rNjNpdDVVcTBueGN0VUp6Ny9FPQ""]",2026-05-05T20:07:55.849Z
09-domestic-interiors/interior-window-seat.jpg,michael singleton,not bad not great,,"[null,[null,[0.4007753462229402,0.49695916594265854,0.8127857269527966,0.894874022589053]],null,""0B4FkjOvGXGNBM0Rtc2Q2VHE0Um1yK1hvNVFrL20yZlp6Qk5FPQ""]",2026-05-05T20:07:45.458Z
09-domestic-interiors/interior-library-shelf.jpg,michael singleton,decent,,"[null,[null,[0.33145091225021717,0.2936576889661164,0.7988705473501303,0.8184187662901823]],null,""0B4FkjOvGXGNBZFVKck9kREhtNFVCUHNHUnFmM21ERGpLNVRNPQ""]",2026-05-05T20:07:35.434Z
09-domestic-interiors/interior-hall-evening-return.jpg,michael singleton,weird arm,,"[null,[null,[0.11594568435656304,0.12858384013900956,0.6280180986373703,0.8427454387489139]],null,""0B4FkjOvGXGNBQlVlUDhFeVFwcnZzNFA2WURQQTFPcTI3MUFRPQ""]",2026-05-05T20:07:24.709Z
09-domestic-interiors/interior-kitchen-late.jpg,michael singleton,looks good,,"[null,[null,[0.2648766342544535,0.47437011294526493,0.8947563786163282,0.9487402258905299]],null,""0B4FkjOvGXGNBTlpXVTFuQ0drTzJLck1pQlFqdkFXdFNWZkU4PQ""]",2026-05-05T20:07:16.856Z
09-domestic-interiors/interior-staff-space.jpg,michael singleton,lovely,,"[null,[null,[0.2756622463154445,0.314509122502172,0.8451425631357696,0.7662901824500434]],null,""0B4FkjOvGXGNBUTA0eUlJQS9YaDIvcVFBMk9QY0cyaHNEQlA4PQ""]",2026-05-05T20:07:10.288Z
09-domestic-interiors/interior-pet-basket.jpg,michael singleton,like it,,"[null,[null,[0.2567332754126846,0.5647263249348392,0.6633362293657689,0.9070373588184186]],null,""0B4FkjOvGXGNBbDZHUUR1M3haK3NFUWxENURvU2hwQjBsOU93PQ""]",2026-05-05T20:07:03.323Z
09-domestic-interiors/interior-children-room-empty.jpg,michael singleton,lovely,,"[null,[null,[0.2670337566666517,0.38401390095569066,0.8429854407235713,0.8253692441355343]],null,""0B4FkjOvGXGNBT3JjSlorQUg5TGNlMEZhZGt2RUZySWMvdlM4PQ""]",2026-05-05T20:06:57.229Z
09-domestic-interiors/interior-bathroom-morning.jpg,michael singleton,Gorgeous,,"[null,[null,[0.39430397898634556,0.3927019982623805,0.8861278889675354,0.7906168549087749]],null,""0B4FkjOvGXGNBbWdtZ1d4ejlmZXlTNHZrY094U1N3andCdlhjPQ""]",2026-05-05T20:06:51.386Z
09-domestic-interiors/interior-bedroom-first-light.jpg,michael singleton,perfect,,"[null,[null,[0.4262926021025069,0.39965247610773236,0.83071342929019,0.8062554300608167]],null,""0B4FkjOvGXGNBTUVMT1hVQytraWl3c1RIdzdoRUFkbnc4ZjZzPQ""]",2026-05-05T20:06:37.905Z
09-domestic-interiors/interior-study-lamplit.jpg,michael singleton,no logo on laptop is sus,,"[null,[null,[0.23935708079930493,0.39617723718505643,0.6233709817549956,0.7784535186794092]],null,""0B4FkjOvGXGNBamkzYkg3d0oyODYwK2tJOEFIZE1rRVlZNUtrPQ""]",2026-05-05T20:06:32.332Z
09-domestic-interiors/interior-sitting-afternoon.jpg,michael singleton,lovely for uk,,"[null,[null,[0.2907621032008319,0.4100781928757602,0.827885583838184,0.7784535186794092]],null,""0B4FkjOvGXGNBZXRtcVI3SWZ2WTR2ZzNKTE1MZjFXMC8zUHQ0PQ""]",2026-05-05T20:06:22.921Z
09-domestic-interiors/interior-dressing-room.jpg,michael singleton,perfect,,"[null,[null,[0.30801908249841753,0.26411815812337097,0.6337445667403458,0.629018245004344]],null,""0B4FkjOvGXGNBa3l2LzNLY1MvS05Fb3IwWDViQy9GUXFQU3prPQ""]",2026-05-05T20:06:15.808Z
09-domestic-interiors/interior-breakfast-tray.jpg,michael singleton,nice,,"[null,[null,[0.20879145153730028,0.46394439617723715,0.6941439942818954,0.7419635099913118]],null,""0B4FkjOvGXGNBNXFneGM0VThYamI1MmtNOUtTOVRMNGU4N2k4PQ""]",2026-05-05T20:06:08.954Z
08-caribbean-transatlantic/caribbean-pool-edge.jpg,michael singleton,Perfection,,"[null,[null,[0.34535186794092093,0.31798436142484793,0.7728062554300608,0.7211120764552563]],null,""0B4FkjOvGXGNBY0FMQ1hpZ3NMeXBYU2xyQVE4cnF6R2t6ZkljPQ""]",2026-05-05T20:05:59.743Z
08-caribbean-transatlantic/transatlantic-cruise-window.jpg,michael singleton,Go away strange hand,,"[null,[null,[0.30586196008621935,0.47437011294526493,0.8947563786163282,0.941789748045178]],null,""0B4FkjOvGXGNBQW1QYVc3eFpTd3A1U3V0bUxSZVlDNkYzZGRZPQ""]",2026-05-05T20:05:51.703Z
08-caribbean-transatlantic/barbados-garden.jpg,michael singleton,Oooh nice but trees look fake,,"[null,[null,[0.27305881146544714,0.4986967854039965,0.6949366527763395,0.9018245004344048]],null,""0B4FkjOvGXGNBWjRVc1dGeElwQk9CeG94bFpoMW9vNFExdjdRPQ""]",2026-05-05T20:05:41.643Z
08-caribbean-transatlantic/mustique-interior.jpg,michael singleton,Weid fan but looks good,,"[null,[null,[0.2217341860104895,0.07298001737619461,0.7070867287550847,0.7558644656820156]],null,""0B4FkjOvGXGNBZi8rSmNtVGU1M1dKRVFpdlFPdForZ3RLTXR3PQ""]",2026-05-05T20:05:30.110Z
08-caribbean-transatlantic/caribbean-house-doorway.jpg,michael singleton,Lush,,"[null,[null,[0.23934046105859091,0.30582102519548215,0.6745534650531742,0.6602953953084274]],null,""0B4FkjOvGXGNBY0JpKzFTR3BJMjU2ZnZDYkJmRUJ5aHEzWlkwPQ""]",2026-05-05T20:05:19.897Z
08-caribbean-transatlantic/bahamas-dock.jpg,michael singleton,Lovely,,"[null,[null,[0.3473101265822785,0.4258801424050633,0.7064873417721519,0.8827630537974683]],null,""0B4FkjOvGXGNBbmQxdEl5MXlhMnY5SWRJZUpPZjh2bzBtN2hjPQ""]",2026-05-05T20:05:09.865Z
08-caribbean-transatlantic/nyc-pied-a-terre.jpg,michael singleton,Seems out of place for carribbean,,"[null,[null,[0.15917763605674168,0.29192006950477845,0.8149428493649948,0.7124239791485665]],null,""0B4FkjOvGXGNBWFBjd0gxM0Z5dGU1UzFIcXRXMXZZWllNUHYwPQ""]",2026-05-05T20:05:02.964Z
08-caribbean-transatlantic/caribbean-veranda-18h.jpg,michael singleton,That's great,,"[null,[null,[0.27111914322953495,0.2884448305821025,0.6522639515862723,0.733275412684622]],null,""0B4FkjOvGXGNBa3pVdENYQkVyallvQkluQnVlL3ZzakZydExVPQ""]",2026-05-05T20:04:53.290Z
07-provence-countryside/countryside-oak-shadow.jpg,michael singleton,Very nice,,"[null,[null,[0.3133069273606242,0.5039096437880104,0.6866930627737129,0.8983492615117289]],null,""0B4FkjOvGXGNBY0dyN29hK2FCdEdpaC8vTldqcDY5S09mN3dJPQ""]",2026-05-05T20:02:52.994Z
07-provence-countryside/provence-outdoor-bath.jpg,michael singleton,"Weird bathtup placement, not a fan",,"[null,[null,[0.29723347043742654,0.41789748045178104,0.8839707665553372,0.8418766290182449]],null,""0B4FkjOvGXGNBallvT25rY2g1STNDWXBWOWcwRWZIekRVYjJRPQ""]",2026-05-05T20:02:41.338Z
07-provence-countryside/provence-vineyard-morning.jpg,michael singleton,Also lovely but what even are these bushes?,,"[null,[null,[0.28421190382194195,0.2997393570807993,0.8108318298720905,0.9409209383145092]],null,""0B4FkjOvGXGNBTUFUd0JJc1NyamVVM0hnRzNHaDl6Q2xBNFdVPQ""]",2026-05-05T20:02:23.513Z
07-provence-countryside/countryside-road.jpg,michael singleton,Perfect,,"[null,[null,[0.32080696202531644,0.3932456487341772,0.5779272151898733,0.8035078548824592]],null,""0B4FkjOvGXGNBRHB0VlRaQUVWK01FVXYzTzV0MzdkdUdKcm5ZPQ""]",2026-05-05T20:02:11.448Z
07-provence-countryside/tuscan-window-sill.jpg,michael singleton,Tea looks a littke weird but overall nice,,"[null,[null,[0.3670721112076455,0.4874022589052997,0.8987836663770633,0.9565595134665508]],null,""0B4FkjOvGXGNBalZGWm9SRFU5eSs5QUtNNXpFYngxVmsrRVR3PQ""]",2026-05-05T20:02:03.490Z
07-provence-countryside/provence-garden-path.jpg,michael singleton,gorgeous,,"[null,[null,[0.23352210539021415,0.3640312771503041,0.9503435237342337,0.7932232841007819]],null,""0B4FkjOvGXGNBd2JsQWlvcncvR1NESWxHQnBCem4yTjAwb3JNPQ""]",2026-05-05T20:01:49.810Z
07-provence-countryside/tuscany-villa-loggia.jpg,michael singleton,"Weird arm, remove. All else is lovely",,"[null,[null,[0.17365081437494947,0.6072980017376194,0.5421877791982578,0.9218071242397914]],null,""0B4FkjOvGXGNBbDQyNi9xRjF6WVg3Sjc2SGNMZXhWemlHUklrPQ""]",2026-05-05T20:01:41.241Z
07-provence-countryside/provence-kitchen-terracotta.jpg,michael singleton,"Wooden pear strikes again, But I like the image overall",,"[null,[null,[0.27458368510934544,0.45438748913987836,0.7469934933807514,0.8453518679409209]],null,""0B4FkjOvGXGNBTmJVblZaWkpCQXV4Mm9TbE81L2hVWVF4cDdZPQ""]",2026-05-05T20:01:28.010Z
07-provence-countryside/provence-lavender-restrained.jpg,michael singleton,Wonderful if geographically accurate,,"[null,[null,[0.2934253279425247,0.38488271068635965,0.5164871750724218,0.7515204170286707]],null,""0B4FkjOvGXGNBa0had2szQ2lXMDZqWjcrMy9Jajg3eUkzMnRNPQ""]",2026-05-05T20:01:11.984Z
07-provence-countryside/provence-farmhouse.jpg,michael singleton,Perfect,,"[null,[null,[0.38567548933755275,0.27541268462206775,0.8753422769065444,0.7393570807993048]],null,""0B4FkjOvGXGNBUVpnU042czlCVkdiMDNXSUpobVZFTWlYOFRFPQ""]",2026-05-05T20:00:58.654Z
06-mediterranean-islands/mustique-hammock-detail.jpg,michael singleton,Perfect,,"[null,[null,[0.36446568201563856,0.40573414422241527,0.762380538662033,0.8766290182450043]],null,""0B4FkjOvGXGNBYlNQRjVTOGk0VXNDSjZNT3dwNGIxekwrR1JzPQ""]",2026-05-05T20:00:48.178Z
06-mediterranean-islands/island-garden-stone.jpg,michael singleton,Yeah great,,"[null,[null,[0.3147616785375583,0.13814074717636837,0.7473076951459676,0.7671589921807124]],null,""0B4FkjOvGXGNBU29uZEdVTDNhU0xzVUcxRWx4M1ZoZEdrdS9rPQ""]",2026-05-05T20:00:41.865Z
06-mediterranean-islands/mykonos-evening-candle.jpg,michael singleton,Sure like it,,"[null,[null,[0.24022589052997392,0.2788879235447437,0.813640312771503,0.9113814074717637]],null,""0B4FkjOvGXGNBU2hBK0h1bkRic1lyMEZkUWFXcmszUFNTa1Z3PQ""]",2026-05-05T20:00:34.418Z
06-mediterranean-islands/ibiza-hilltop-olive.jpg,michael singleton,If geographically accurate it's nice,,"[null,[null,[0.1497377837655885,0.34839270199826233,0.8758685711790108,0.88879235447437]],null,""0B4FkjOvGXGNBNDlieUJWOVljREN4L0VJMWJqR1hyRzE5VFgwPQ""]",2026-05-05T20:00:26.291Z
06-mediterranean-islands/mediterranean-pool-stone.jpg,michael singleton,"Stunning, love it",,"[null,[null,[0.2648152214628205,0.365768896611642,0.676024887476196,0.9999999999999999]],null,""0B4FkjOvGXGNBWTEvMWNGczluUEppUmlVZkM3THh1dm9iOElZPQ""]",2026-05-05T20:00:15.029Z
06-mediterranean-islands/mustique-hand-railing.jpg,michael singleton,Brandless watches are weird,,"[null,[null,[0.3879235447437011,0.27019982623805383,0.86750651607298,0.7619461337966984]],null,""0B4FkjOvGXGNBSzd4OTZXS1p4eFNieHVSanMzNGR6MUZYT0pzPQ""]",2026-05-05T20:00:05.500Z
06-mediterranean-islands/mykonos-jetty.jpg,michael singleton,Lovely,,"[null,[null,[0.5225474683544303,0.19370903028933092,0.8690664556962024,0.8818306396925859]],null,""0B4FkjOvGXGNBSElzZGVadFRORFhFc2tNV2pieDlaWi9EY2xnPQ""]",2026-05-05T19:59:54.785Z
06-mediterranean-islands/ibiza-bougainvillea-restrained.jpg,michael singleton,Perfect,,"[null,[null,[0.1411815812337098,0.30842745438748914,0.7145960034752389,0.9391833188531711]],null,""0B4FkjOvGXGNBTjV3QlFhYkhZNlVQOVBjRVd4Ukw5bDBHZEFBPQ""]",2026-05-05T19:59:48.054Z
06-mediterranean-islands/island-kitchen-stone.jpg,michael singleton,Looks nice,,"[null,[null,[0.2681123178727508,0.2354474370112945,0.7879788192125172,0.7880104257167679]],null,""0B4FkjOvGXGNBUjNIYnFJb0c5dEhxYVZBNThwTWQxeFJwRG9JPQ""]",2026-05-05T19:59:42.484Z
06-mediterranean-islands/mustique-veranda.jpg,michael singleton,The man has no legs,,"[null,[null,[0.258511299696106,0.35360556038227625,0.7240316763150217,0.8036490008688097]],null,""0B4FkjOvGXGNBMnI3ZVZHR3l3SGIvT3hCNnQ3TWFMVVUxNmpVPQ""]",2026-05-05T19:59:30.885Z
06-mediterranean-islands/ibiza-linen-curtain.jpg,michael singleton,"Nice, bit of a sus tiling job but alright",,"[null,[null,[0.16116420503909643,0.35881841876629017,0.7206776715899218,0.737619461337967]],null,""0B4FkjOvGXGNBei9ZaFNNZHBLYk45eVdHa1JLQTBCSUxMT3NZPQ""]",2026-05-05T19:59:14.275Z
06-mediterranean-islands/mykonos-staircase.jpg,michael singleton,Wonderful,,"[null,[null,[0.1066819518196003,0.12771503040834056,0.8933236381841412,0.8557775847089487]],null,""0B4FkjOvGXGNBWHFrNFcwSG5HVXVCWU9WNjNJUTdYSTNYY1YwPQ""]",2026-05-05T19:58:48.175Z
06-mediterranean-islands/mykonos-threshold.jpg,michael singleton,Also perfect,,"[null,[null,[0.2044772067129039,0.2841007819287576,0.8149428493649948,0.8783666377063424]],null,""0B4FkjOvGXGNBRmh0QnlSbW9kYXF5a2dhayt3OE1Nbjl4Ymo0PQ""]",2026-05-05T19:58:38.993Z
06-mediterranean-islands/ibiza-cala-stone-house.jpg,michael singleton,perfect,,"[null,[null,[0.3231189393838049,0.46307558644656815,0.8645566648455534,0.8036490008688096]],null,""0B4FkjOvGXGNBU3ZJcnZPYjlrQjVqbThyNzl5bUw1MmIzOEwwPQ""]",2026-05-05T19:58:29.861Z
05-monaco-cote-dazur/nice-promenade.jpg,michael singleton,Nice if geographically accurate,,"[null,[null,[0.25899621675508405,0.19200695047784533,0.7759178016256718,0.8210251954821893]],null,""0B4FkjOvGXGNBblJGb1FBRWlURTBJUytNZ3lqUnloM0JCUzQ4PQ""]",2026-05-05T19:58:14.447Z
05-monaco-cote-dazur/menton-lemon-detail.jpg,michael singleton,"Don't hate it, like the imperfection",,"[null,[null,[0.22458731537793222,0.2675933970460469,0.7354474370112944,0.788879235447437]],null,""0B4FkjOvGXGNBOEN3TzYvcU51L1Bnek1QMjU1ZEphbk5Ybm5NPQ""]",2026-05-05T19:57:55.985Z
05-monaco-cote-dazur/monaco-harbour-mist.jpg,michael singleton,Is this a geographically accurate photo of the boats? I like the mist tho a lot,,"[null,[null,[0.08346518987341772,0.34382770117540684,0.8928006329113924,0.8678444281193489]],null,""0B4FkjOvGXGNBWTFTcmc1TUhkc1V5WDFJNUJTZ2xVa1pUcDdRPQ""]",2026-05-05T19:57:40.801Z
05-monaco-cote-dazur/coastal-breakfast-tray.jpg,michael singleton,Figs and olive oil... unsure of the combo but I'll let it pass,,"[null,[null,[0.27541426620252696,0.4830582102519548,0.9224154165260251,0.9470026064291919]],null,""0B4FkjOvGXGNBYlB2ZGs5NW5FM2hYNmNnTUQ3azQyOVdDU0kwPQ""]",2026-05-05T19:57:17.999Z
05-monaco-cote-dazur/monaco-car-kerb.jpg,michael singleton,"Car feels fake, not a massive fan",,"[null,[null,[0.18480390673144434,0.2050390964378801,0.8588386187109162,0.9278887923544743]],null,""0B4FkjOvGXGNBMEk4Ync0TnM0aTQ2aHVha1BBLzIrOEc5NXFVPQ""]",2026-05-05T19:56:53.095Z
05-monaco-cote-dazur/cotedazur-cape.jpg,michael singleton,Cute like it,,"[null,[null,[0.3091607290791123,0.4135534317984361,0.8816869268473876,0.9139878366637706]],null,""0B4FkjOvGXGNBOUVmZVlWOC8vTkF4SlE2UFY1bUo5S1U1NmxNPQ""]",2026-05-05T19:56:35.371Z
05-monaco-cote-dazur/monaco-threshold.jpg,michael singleton,Would remove the plan paper. Aside that looks lovely,,"[null,[null,[0.13760641193475964,0.3970460469157254,0.9702556630432652,0.9999999999999999]],null,""0B4FkjOvGXGNBQkRNbkR5ZlNyMjRvV05NRy83clViM21XTC9VPQ""]",2026-05-05T19:56:19.988Z
05-monaco-cote-dazur/capferrat-terrace.jpg,michael singleton,"Gorgeous, is it geographically accurate?",,"[null,[null,[0.09662108610299384,0.18158123370981755,0.924956092387103,0.9913119026933102]],null,""0B4FkjOvGXGNBcExRZkVrL0tMbFJLa2hTL2VSU28wckJaa0pBPQ""]",2026-05-05T19:56:01.425Z
05-monaco-cote-dazur/monaco-balcony-17h.jpg,michael singleton,Is this an accurate vantage point?,,"[null,[null,[0.3593740479635377,0.2788879235447437,0.6949366527763395,0.8714161598609904]],null,""0B4FkjOvGXGNBL1ZNUFlPZzdvZUdBMWpZLzgwMkQ0cTVWaGtjPQ""]",2026-05-05T19:55:48.672Z
04-gstaad-alpine/alpine-dusk-larch.jpg,michael singleton,"Seems like a fake tree, but I like it",,"[null,[null,[0.3370888362873209,0.2510860121633362,0.8328127392330227,0.8314509122502172]],null,""0B4FkjOvGXGNBeHJ5UTRIUXRxZ2llVkJteVpsOFV1TVhrc1drPQ""]",2026-05-05T19:55:34.124Z
04-gstaad-alpine/alpine-pine-detail.jpg,michael singleton,gorgeous,,"[null,[null,[0.21329278887923545,0.3049522154648132,0.6737619461337967,0.7654213727193744]],null,""0B4FkjOvGXGNBVTNpbnRQdDBKSjZiTWpZZEwrcHBCWE5KQ3V3PQ""]",2026-05-05T19:55:21.440Z
04-gstaad-alpine/alpine-skihold-macro.jpg,michael singleton,Very nice,,"[null,[null,[0.3254298538350751,0.3727193744569939,0.8423514387056628,0.9617723718505646]],null,""0B4FkjOvGXGNBVjVQVWJxSDhFWDI1dVZHQ0lsc0dNdnQwTHNNPQ""]",2026-05-05T19:55:14.413Z
04-gstaad-alpine/alpine-morning-coffee.jpg,michael singleton,Is that a pear or a wodden toy? Change the fruit and then it's good,,"[null,[null,[0.31754995655951346,0.5186794092093832,0.7710686359687229,0.8557775847089487]],null,""0B4FkjOvGXGNBN094WXYvcDRCTnFDZlNxZnJMMkJLUDZpdFJ3PQ""]",2026-05-05T19:55:06.154Z
04-gstaad-alpine/stmoritz-lobby-window.jpg,michael singleton,"Really weird see through room, no thanks",,"[null,[null,[0.3101762049106157,0.20764552562988706,0.9939840095774454,0.8436142484795829]],null,""0B4FkjOvGXGNBTkRRNGdSMjNJVGNPcnk3NFNsZmtjTTlNVWFFPQ""]",2026-05-05T19:54:34.564Z
04-gstaad-alpine/stmoritz-lake-afternoon.jpg,michael singleton,Is this accurate? feels like a person wouldn't walk on ice this cracked,,"[null,[null,[0.40704113924050633,0.2944097536166365,0.8144778481012658,0.8146968241410488]],null,""0B4FkjOvGXGNBZVNDYXJkSDVGNHhxWmNNYlBpK1FrVnN1QmhzPQ""]",2026-05-05T19:54:17.286Z
04-gstaad-alpine/gstaad-interior-library.jpg,michael singleton,Nice but obviously a bit weird without writing on books but still works,,"[null,[null,[0.2292841144531832,0.34839270199826233,0.8548496139906615,0.8801042571676801]],null,""0B4FkjOvGXGNBM2xXNkxNZ0ppK3AvVThEblo3NHE1SSt6cEg4PQ""]",2026-05-05T19:53:57.180Z
04-gstaad-alpine/gstaad-village-path.jpg,michael singleton,Like it,,"[null,[null,[0.25269229498836954,0.29278887923544744,0.8336229316440582,1]],null,""0B4FkjOvGXGNBOGtmZTM1L01NNElyNGUySXdlSk5QbHJKa0dVPQ""]",2026-05-05T19:53:38.195Z
04-gstaad-alpine/gstaad-cashmere-throw.jpg,michael singleton,Reasonable,,"[null,[null,[0.16463944396177235,0.14335360556038226,0.6772371850564726,0.6854908774978279]],null,""0B4FkjOvGXGNBa3JleE82V1IxS29FLzQwUG81Q3B4Yy9uR2V3PQ""]",2026-05-05T19:53:31.156Z
04-gstaad-alpine/gstaad-alpine-pass.jpg,michael singleton,Like it,,"[null,[null,[0.37341772151898733,0.3634083973779385,0.8235759493670887,0.8986140935804702]],null,""0B4FkjOvGXGNBM256cVF1UzN3Vjcva0xWQ1BQTmM4OUZwMEJZPQ""]",2026-05-05T19:53:22.528Z
04-gstaad-alpine/gstaad-ski-still.jpg,michael singleton,Nice but are those skis accurate?,,"[null,[null,[0.09446396369079564,0.13987836663770634,0.9184847251505085,0.9304952215464813]],null,""0B4FkjOvGXGNBY04xcW1ONEYzMkhnMndJZkFsZWp6OXFmZHVZPQ""]",2026-05-05T19:53:13.800Z
04-gstaad-alpine/gstaad-window-snow.jpg,michael singleton,Lovely,,"[null,[null,[0.15788348170131597,0.3605560382276281,0.8235033701636199,0.9044309296264117]],null,""0B4FkjOvGXGNBbG5yc2Jld1psZVJBOXowSnVHbXVqYnd5RUUwPQ""]",2026-05-05T19:52:49.454Z
04-gstaad-alpine/gstaad-fireplace.jpg,michael singleton,"Fire looks fake, also writing is weird on book",,"[null,[null,[0.15667871731071817,0.2667245873153779,0.5426726962572358,0.7984361424847957]],null,""0B4FkjOvGXGNBZXp1RTZlQjB0MlFJaDVhMmt0N3NML2hISUlrPQ""]",2026-05-05T19:52:41.885Z
04-gstaad-alpine/gstaad-chalet-dawn.jpg,,(no comment),,,
03-lugano-ticino/lugano-church-bell.jpg,michael singleton,"If accurate, lovely",,"[null,[null,[0.19279361571157666,0.10686359687228496,0.6629167537164207,0.5655951346655081]],null,""0B4FkjOvGXGNBdDFGY3U2dVlESVl0TzZhSmFlOUlnVFRERWZJPQ""]",2026-05-05T19:52:09.120Z
03-lugano-ticino/lugano-alpine-shoulder.jpg,michael singleton,"We're not a watch company, let's not show watchfaces without branding, the focus should be on back of watch",,"[null,[null,[0.24283231972198088,0.2875760208514335,0.8301476976542137,0.8175499565595135]],null,""0B4FkjOvGXGNBRjMxYkhmeFFDS0gvYWFHYU5QOGJKUllpdDJJPQ""]",2026-05-05T19:51:59.342Z
03-lugano-ticino/lugano-boat-still.jpg,michael singleton,"Lush, especially if the background is accurate",,"[null,[null,[0.2633604702858864,0.315377932232841,0.960671201096304,0.9652476107732406]],null,""0B4FkjOvGXGNBUWUxOVh0cGhieGNJQVdWZ3hnQ2hXTEdOc0JVPQ""]",2026-05-05T19:51:25.316Z
03-lugano-ticino/lugano-interior-library.jpg,michael singleton,"Like it, but no writing on books seems kinda weird but better than getting incorrect writing",,"[null,[null,[0.11819231022497585,0.3032145960034752,0.6855155046331027,0.890529973935708]],null,""0B4FkjOvGXGNBa01LQVlQWElKcmxvT2hDNTdZNHFQZThhckE0PQ""]",2026-05-05T19:51:07.197Z
03-lugano-ticino/lugano-mendrisio-vineyard.jpg,michael singleton,Is this even a place in Ticino?,,"[null,[null,[0.4078657538613415,0.3292788879235447,0.8064675763412881,1]],null,""0B4FkjOvGXGNBZ3pIdUFrREJCTUt6TzJlU0IrSlUybURSbmhFPQ""]",2026-05-05T19:50:29.073Z
03-lugano-ticino/lugano-gandria-alley.jpg,michael singleton,"If a real walkway into lakeside, then lovely",,"[null,[null,[0.28213361355203914,0.3188531711555169,0.849456807960166,0.9096437880104257]],null,""0B4FkjOvGXGNBTml3THpCYUJJWTdnejZsWDZQcWdoSlVtak9jPQ""]",2026-05-05T19:50:13.963Z
03-lugano-ticino/lugano-kitchen-porcelain.jpg,michael singleton,Lovely,,"[null,[null,[0.2174199411860931,0.3310165073848827,0.7782717683576253,0.996524761077324]],null,""0B4FkjOvGXGNBTzNleWNZb3VWZEFyYlk5TmMyd0FsL2Z5TjFZPQ""]",2026-05-05T19:49:50.984Z
03-lugano-ticino/lugano-lake-jetty.jpg,michael singleton,Yeah nice,,"[null,[null,[0.06882911392405063,0.4920815438517179,0.40189873417721517,0.8799658114828209]],null,""0B4FkjOvGXGNBU1B2bWlMckZjcVNoMXovTXVLTXpqN1FjdzJBPQ""]",2026-05-05T19:49:43.465Z
03-lugano-ticino/lugano-palazzo-doorway.jpg,michael singleton,Plaque without writing is weird,,"[null,[null,[0.10900929408695101,0.24239791485664638,0.7932479206880606,0.8210251954821894]],null,""0B4FkjOvGXGNBNW9KOFF1b01ZMytRbXg4L2puTWd5dFhPLzZRPQ""]",2026-05-05T19:49:33.955Z
03-lugano-ticino/lugano-villa-terrace-dawn.jpg,michael singleton,"Lush, assuming background is fully accurate",,"[null,[null,[0.3564645456096695,0.3605560382276281,0.7773725528026059,0.833188531711555]],null,""0B4FkjOvGXGNBVVl6RDRNRTJ1OTV4cXFoakZPVmRHTnB0SE44PQ""]",2026-05-05T19:49:15.751Z
02-london/london-stairwell.jpg,michael singleton,"No reason for the book to be there, rest is good",,"[null,[null,[0.1602108239686667,0.2354474370112945,0.9608165639373119,0.6559513466550825]],null,""0B4FkjOvGXGNBSW9kOTAxR3I1dFhnWk51UGNnUWJaMWxEWk9ZPQ""]",2026-05-05T19:48:55.775Z
02-london/london-garden-window.jpg,michael singleton,Wonderful,,"[null,[null,[0.09446396369079564,0.2145960034752389,0.8472996855479679,0.892267593397046]],null,""0B4FkjOvGXGNBcGFNNlJEVXlLTDZWSEk5NXk3YVNIbWZrdFFzPQ""]",2026-05-05T19:48:38.556Z
02-london/london-evening-return.jpg,michael singleton,Very weird door dimensions,,"[null,[null,[0.1401915373054649,0.22328410078192876,0.6464449468785358,0.8662033014769764]],null,""0B4FkjOvGXGNBRXliQlNWNldhVVorWnN2N0I2NHVWZ215Z05zPQ""]",2026-05-05T19:48:29.211Z
02-london/london-member-hallway-candle.jpg,michael singleton,Lovely,,"[null,[null,[0.2519338997812643,0.26151172893136404,0.9378988268602921,0.8349261511728931]],null,""0B4FkjOvGXGNBWkNwOXBueFJ3MGFjZXkxWXNiNEVkR3JLc1RjPQ""]",2026-05-05T19:48:09.650Z
02-london/london-biggin-gate.jpg,michael singleton,Fine,,"[null,[null,[0.19450224791100507,0.3344917463075586,0.5009698291851246,0.7202432667245873]],null,""0B4FkjOvGXGNBRmw4SjNlQW1LaGtCd2xSOG1ydXgxaVBDbm9BPQ""]",2026-05-05T19:48:02.528Z
02-london/london-rain-glass.jpg,michael singleton,Sure,,"[null,[null,[0.20112945264986967,0.06516072980017376,0.8944396177237185,0.9165942658557775]],null,""0B4FkjOvGXGNBa0VFSFRMN29JYkRrNERaNzV1ejBkZEIrbWQ4PQ""]",2026-05-05T19:47:50.495Z
02-london/london-car-kerb.jpg,michael singleton,Feels a bit fake but still alright,,"[null,[null,[0.30991250794777797,0.29105125977410945,0.7531266998537041,0.8418766290182449]],null,""0B4FkjOvGXGNBZkNEMjlTbWtKNUZCZFU4MEU1c09FaGJzT3dnPQ""]",2026-05-05T19:47:35.689Z
02-london/london-hallway-holdall.jpg,michael singleton,Yeah it works but if a builder did my tiling job like that he'd be on his arse,,"[null,[null,[0.41138140747176366,0.3987836663770634,0.9743701129452649,0.8192875760208513]],null,""0B4FkjOvGXGNBcVBWbUQrdVphVEFEUjB5M21vVkdDK3EzVTQ4PQ""]",2026-05-05T19:47:13.724Z
02-london/london-breakfast-tray.jpg,michael singleton,Sure,,"[null,[null,[0.3289431383515934,0.5933970460469157,0.9270701010607266,0.8540399652476107]],null,""0B4FkjOvGXGNBUDM0WGN4QjlndUpZS0hxUTVmZGFIRGdVbi9nPQ""]",2026-05-05T19:46:38.038Z
02-london/london-dressing-room.jpg,michael singleton,"My favourite image you've made so far, feels super authentic",,"[null,[null,[0.2961549092313274,0.32406602953953084,0.5744237004048953,0.5152041702867072]],null,""0B4FkjOvGXGNBSDZac3c0MTJDY0NPUUNiOElBTFFCT2cydWFRPQ""]",2026-05-05T19:46:28.090Z
02-london/london-study-desk.jpg,michael singleton,Good,,"[null,[null,[0.235881841876629,0.4039965247610773,0.8509991311902693,0.9131190269331015]],null,""0B4FkjOvGXGNBdlQrc3RlSktlY256aTE4MGk3cFlBOFZNTUY4PQ""]",2026-05-05T19:45:58.196Z
02-london/london-mews-threshold.jpg,michael singleton,Like it,,"[null,[null,[0.206625174385456,0.14509122502172023,0.6120158356910952,0.834926151172893]],null,""0B4FkjOvGXGNBQ1YwbEw5dGF5aDVlZzFpU3N4L1R2cTB0ei93PQ""]",2026-05-05T19:45:38.592Z
02-london/london-knightsbridge-hall.jpg,michael singleton,Weird motion blur,,"[null,[null,[0.5118671504511475,0.28062554300608167,0.850535369166265,0.7584708948740226]],null,""0B4FkjOvGXGNBd2dsS3lyVTBSOTBBRExNWTFWUWQvUFo0WmlZPQ""]",2026-05-05T19:45:27.707Z
02-london/london-farnborough-apron.jpg,michael singleton,Would the plane have these supports if it was attached to that?,,"[null,[null,[0.35795454545454547,0.31473214285714285,0.6837121212121213,0.8802083333333333]],null,""0B4FkjOvGXGNBSWRtOXhqbTkxQzRDTU00aXNiNEhuZTJKU1VrPQ""]",2026-05-05T19:45:18.550Z
01-brand-heroes/hero-navigation-detail.jpg,michael singleton,Is this a real part of a plane?,,"[null,[null,[0.24370112945264985,0.13466550825369245,0.6520417028670721,0.7827975673327541]],null,""0B4FkjOvGXGNBV2ViSlNNY0dpMnRMTVFsTTFUZHdEVy9yRVBBPQ""]",2026-05-05T19:44:54.498Z
01-brand-heroes/hero-mustique-hammock.jpg,michael singleton,perfect,,"[null,[null,[0.40350150033053916,0.35534317984361424,0.752641782794726,0.8627280625543006]],null,""0B4FkjOvGXGNBZTc4SHRqZUJFVVFEdlhrUkJhYVFVd2VzNWdJPQ""]",2026-05-05T19:44:43.342Z
01-brand-heroes/hero-cabin-window-cloud.jpg,michael singleton,No reason for he hand to be here in this way,,"[null,[null,[0.4687247022071835,0.7497827975673327,0.8742637157004453,0.9391833188531711]],null,""0B4FkjOvGXGNBRm9nbHNPdytHc25uRFBvYkhSajZsM0NCTCswPQ""]",2026-05-05T19:44:35.705Z
01-brand-heroes/hero-mykonos-threshold.jpg,michael singleton,Lovely but the shoulder cutting off is weird,,"[null,[null,[0.03298597494314691,0.2354474370112945,0.6822798210148054,0.7932232841007818]],null,""0B4FkjOvGXGNBT1ZhaGdQUGNCUFJoYVArcWVEOGtRdmlMZ0VFPQ""]",2026-05-05T19:44:11.059Z
01-brand-heroes/hero-monaco-balcony.jpg,michael singleton,If this is an accurate background I like it,,"[null,[null,[0.4316266897512653,0.5099913119026933,0.7099690816046587,0.8140747176368375]],null,""0B4FkjOvGXGNBVkdKaEFUREo4aW0ySkdmZjZJaXNHL015VHp3PQ""]",2026-05-05T19:43:57.608Z
01-brand-heroes/hero-gstaad-chalet.jpg,michael singleton,Socks are weirdly placed,,"[null,[null,[0.2767408075215436,0.7306689834926151,0.7275793916709676,0.9652476107732406]],null,""0B4FkjOvGXGNBbUpqQnAwT2lHNGNwODRHdEoxNkd4dThUV0JvPQ""]",2026-05-05T19:43:42.460Z
01-brand-heroes/hero-lake-lugano-dawn.jpg,michael singleton,Nice like it,,"[null,[null,[0.47429939094133255,0.4665508253692441,0.5994079921576662,0.68375325803649]],null,""0B4FkjOvGXGNBQWxIK0JlMjRhWkVxcDJmakppWHlCS25TNTBjPQ""]",2026-05-05T19:43:28.015Z
01-brand-heroes/hero-aviation-arranged.jpg,michael singleton,Perfect if accurate,,"[null,[null,[0.34295886075949367,0.37086771021699816,0.41020569620253167,0.6002415800180831]],null,""0B4FkjOvGXGNBSysvdWNPTjdJd0tCUElYQVBuRldlejJuZVFBPQ""]",2026-05-05T19:43:09.138Z
01-brand-heroes/hero-quiet-threshold.jpg,michael singleton,Hand looks weirdly photoshopped,,"[null,[null,[0.4888469027106737,0.3188531711555169,0.636261688639997,0.5099913119026933]],null,""0B4FkjOvGXGNBWXlkQWM5Rmg1cEtFcTlMcHRyTkFqenQzUS9JPQ""]",2026-05-05T19:42:54.971Z
01-brand-heroes/hero-home-to-air.jpg,michael singleton,Perfect,,"[null,[null,[0.2449127906976744,0.181640625,0.4527616279069767,0.392578125]],null,""0B4FkjOvGXGNBZ1FwSVVVWkxxdkwrRU1tMmdBdUpwc2V3NkNnPQ""]",2026-05-05T19:42:36.637Z